emitted_at_utc,line_number,line_id,vehicle_id,longitude,latitude,speed_kmh,direction,source,live_observed_at_utc,live_age_s
2026-09-08T11:58:38Z,126,5200126000,70자2601,129.0104064,35.2121440,,2,live,2026-09-08T11:58:38Z,0.2
2026-09-08T11:58:38Z,103,5200103000,70자1406,128.9830912,35.0966368,,2,live,2026-09-08T11:58:38Z,0.3
2026-09-08T11:58:38Z,3006,5203006000,71자2826,128.8545664,35.0889984,,1,live,2026-09-08T11:58:38Z,0.5
2026-09-08T11:58:38Z,1001,5201001000,71자2617,128.9619584,35.1145824,,2,live,2026-09-08T11:58:38Z,0.3
2026-09-08T11:58:38Z,111-1,5200111100,70자1007,129.0692608,35.2073952,,2,live,2026-09-08T11:58:38Z,0.5
2026-09-08T11:58:38Z,131,5200131000,70자5416,129.0714624,35.1732192,,2,live,2026-09-08T11:58:38Z,0.3
2026-09-08T11:58:38Z,33,5200033000,70자5204,129.0576768,35.1573536,,2,live,2026-09-08T11:58:38Z,0.3
2026-09-08T11:58:49Z,3006,5203006000,71자2826,128.8531200,35.0889920,,1,live,2026-09-08T11:58:48Z,0.7
2026-09-08T11:58:49Z,111-1,5200111100,70자1007,129.0682624,35.2059744,,2,live,2026-09-08T11:58:48Z,0.8
2026-09-08T11:59:04Z,131,5200131000,70자5416,129.0704000,35.1735104,,2,live,2026-09-08T11:59:03Z,0.6
2026-09-08T11:59:18Z,111-1,5200111100,70자1007,129.0679424,35.2054944,,2,live,2026-09-08T11:59:18Z,0.0
2026-09-08T11:59:24Z,131,5200131000,70자5416,129.0698496,35.1737408,,2,live,2026-09-08T11:59:23Z,0.6
2026-09-08T11:59:48Z,111-1,5200111100,70자1007,129.0673792,35.2045376,,2,live,2026-09-08T11:59:48Z,0.1
2026-09-08T11:59:49Z,131,5200131000,70자5416,129.0681344,35.1746176,,2,live,2026-09-08T11:59:49Z,0.6
2026-09-08T12:00:08Z,1001,5201001000,71자2617,128.9651456,35.1110624,,2,live,2026-09-08T12:00:08Z,0.0
2026-09-08T12:00:09Z,1001,5201001000,71자2617,128.9651456,35.1110624,,2,live,2026-09-08T12:00:08Z,1.0
2026-09-08T12:00:19Z,103,5200103000,70자1406,128.9862656,35.0972704,,2,live,2026-09-08T12:00:18Z,0.2
2026-09-08T12:00:24Z,3006,5203006000,71자2826,128.8497024,35.0889824,,1,live,2026-09-08T12:00:23Z,0.3
2026-09-08T12:00:29Z,126,5200126000,70자2601,129.0099840,35.2133760,,2,live,2026-09-08T12:00:29Z,0.1
2026-09-08T12:00:29Z,111-1,5200111100,70자1007,129.0655616,35.2021440,,2,live,2026-09-08T12:00:29Z,0.2
2026-09-08T12:00:30Z,131,5200131000,70자5416,129.0679424,35.1763232,,2,live,2026-09-08T12:00:29Z,0.9
2026-09-08T12:00:34Z,1001,5201001000,71자2617,128.9653888,35.1107072,,2,live,2026-09-08T12:00:34Z,0.2
2026-09-08T12:00:39Z,33,5200033000,70자5204,129.0604544,35.1593120,,2,live,2026-09-08T12:00:39Z,0.2
2026-09-08T12:00:44Z,3006,5203006000,71자2826,128.8465152,35.0889664,,3,live,2026-09-08T12:00:44Z,0.3
2026-09-08T12:00:49Z,126,5200126000,70자2601,129.0095104,35.2150368,,2,live,2026-09-08T12:00:49Z,0.3
2026-09-08T12:00:49Z,131,5200131000,70자5416,129.0680064,35.1767552,,2,live,2026-09-08T12:00:49Z,0.1
2026-09-08T12:00:54Z,103,5200103000,70자1406,128.9867904,35.0986720,,2,live,2026-09-08T12:00:54Z,0.4
2026-09-08T12:00:59Z,126,5200126000,70자2601,129.0092288,35.2159840,,2,live,2026-09-08T12:00:59Z,0.4
2026-09-08T12:01:04Z,111-1,5200111100,70자1007,129.0650240,35.2013504,,2,live,2026-09-08T12:01:04Z,0.3
2026-09-08T12:01:09Z,3006,5203006000,71자2826,128.8432512,35.0889536,,3,live,2026-09-08T12:01:09Z,0.6
2026-09-08T12:01:09Z,111-1,5200111100,70자1007,129.0647936,35.2009504,,2,live,2026-09-08T12:01:09Z,0.6
2026-09-08T12:01:09Z,131,5200131000,70자5416,129.0687744,35.1788800,,2,live,2026-09-08T12:01:09Z,0.4
2026-09-08T12:01:14Z,131,5200131000,70자5416,129.0691328,35.1798528,,2,live,2026-09-08T12:01:14Z,0.1
2026-09-08T12:01:35Z,3006,5203006000,71자2826,128.8400128,35.0889536,,3,live,2026-09-08T12:01:34Z,0.8
2026-09-08T12:01:35Z,1001,5201001000,71자2617,128.9682048,35.1065952,,2,live,2026-09-08T12:01:34Z,0.7
2026-09-08T12:01:40Z,126,5200126000,70자2601,129.0091392,35.2174304,,2,live,2026-09-08T12:01:39Z,0.8
2026-09-08T12:01:40Z,103,5200103000,70자1406,128.9890304,35.0990496,,2,live,2026-09-08T12:01:39Z,0.8
2026-09-08T12:01:40Z,131,5200131000,70자5416,129.0700032,35.1820608,,2,live,2026-09-08T12:01:39Z,0.5
2026-09-08T12:01:54Z,1001,5201001000,71자2617,128.9689600,35.1055296,,2,live,2026-09-08T12:01:54Z,0.0
2026-09-08T12:01:55Z,126,5200126000,70자2601,129.0090240,35.2185472,,2,live,2026-09-08T12:01:54Z,0.9
2026-09-08T12:02:04Z,103,5200103000,70자1406,128.9909376,35.0992928,,2,live,2026-09-08T12:02:04Z,0.1
2026-09-08T12:02:04Z,111-1,5200111100,70자1007,129.0624384,35.1991424,,2,live,2026-09-08T12:02:04Z,0.2
2026-09-08T12:02:05Z,131,5200131000,70자5416,129.0702976,35.1827648,,2,live,2026-09-08T12:02:04Z,0.9
2026-09-08T12:02:09Z,103,5200103000,70자1406,128.9919104,35.0995904,,2,live,2026-09-08T12:02:09Z,0.2
2026-09-08T12:02:09Z,1001,5201001000,71자2617,128.9700352,35.1047584,,2,live,2026-09-08T12:02:09Z,0.1
2026-09-08T12:02:09Z,33,5200033000,70자5204,129.0621056,35.1613376,,2,live,2026-09-08T12:02:09Z,0.3
2026-09-08T12:02:14Z,33,5200033000,70자5204,129.0623616,35.1616768,,2,live,2026-09-08T12:02:14Z,0.5
2026-09-08T12:02:35Z,126,5200126000,70자2601,129.0086400,35.2198880,,2,live,2026-09-08T12:02:34Z,0.8
2026-09-08T12:02:35Z,103,5200103000,70자1406,128.9927040,35.0999040,,2,live,2026-09-08T12:02:34Z,0.9
2026-09-08T12:02:40Z,1001,5201001000,71자2617,128.9714816,35.1042944,,2,live,2026-09-08T12:02:39Z,0.6
2026-09-08T12:02:50Z,111-1,5200111100,70자1007,129.0607872,35.1979584,,2,live,2026-09-08T12:02:49Z,1.0
2026-09-08T12:02:54Z,1001,5201001000,71자2617,128.9731712,35.1037056,,2,live,2026-09-08T12:02:54Z,0.2
2026-09-08T12:02:54Z,33,5200033000,70자5204,129.0641152,35.1639360,,2,live,2026-09-08T12:02:54Z,0.2
2026-09-08T12:03:10Z,1001,5201001000,71자2617,128.9748096,35.1031584,,2,live,2026-09-08T12:03:09Z,0.2
2026-09-08T12:03:20Z,33,5200033000,70자5204,129.0649600,35.1655808,,2,live,2026-09-08T12:03:19Z,0.6
2026-09-08T12:03:25Z,3006,5203006000,71자2826,128.8393344,35.0882240,,3,live,2026-09-08T12:03:24Z,0.7
2026-09-08T12:03:35Z,3006,5203006000,71자2826,128.8393088,35.0873056,,3,live,2026-09-08T12:03:34Z,0.8
2026-09-08T12:03:45Z,131,5200131000,70자5416,129.0710400,35.1850144,,2,live,2026-09-08T12:03:45Z,0.7
2026-09-08T12:03:49Z,111-1,5200111100,70자1007,129.0606848,35.1966560,,2,live,2026-09-08T12:03:49Z,0.0
2026-09-08T12:03:55Z,3006,5203006000,71자2826,128.8392960,35.0860832,,3,live,2026-09-08T12:03:54Z,0.1
2026-09-08T12:03:56Z,131,5200131000,70자5416,129.0710784,35.1856352,,2,live,2026-09-08T12:03:55Z,1.0
2026-09-08T12:04:00Z,126,5200126000,70자2601,129.0088832,35.2224512,,2,live,2026-09-08T12:04:00Z,0.1
2026-09-08T12:04:10Z,131,5200131000,70자5416,129.0705408,35.1861600,,2,live,2026-09-08T12:04:10Z,0.1
2026-09-08T12:04:30Z,103,5200103000,70자1406,128.9951488,35.1007904,,2,live,2026-09-08T12:04:30Z,0.5
2026-09-08T12:04:30Z,111-1,5200111100,70자1007,129.0609792,35.1962016,,2,live,2026-09-08T12:04:30Z,0.9
2026-09-08T12:04:35Z,1001,5201001000,71자2617,128.9767552,35.1024832,,2,live,2026-09-08T12:04:35Z,0.8
2026-09-08T12:04:41Z,33,5200033000,70자5204,129.0667904,35.1679456,,2,live,2026-09-08T12:04:40Z,0.9
2026-09-08T12:04:45Z,103,5200103000,70자1406,128.9955456,35.1009728,,2,live,2026-09-08T12:04:45Z,0.0
2026-09-08T12:05:05Z,1001,5201001000,71자2617,128.9799936,35.1004704,,2,live,2026-09-08T12:05:05Z,0.3
2026-09-08T12:05:10Z,103,5200103000,70자1406,128.9980672,35.1022272,,2,live,2026-09-08T12:05:10Z,0.4
2026-09-08T12:05:15Z,1001,5201001000,71자2617,128.9805312,35.1002912,,2,live,2026-09-08T12:05:15Z,0.3
2026-09-08T12:05:31Z,126,5200126000,70자2601,129.0096896,35.2248448,,2,live,2026-09-08T12:05:30Z,0.5
2026-09-08T12:05:31Z,103,5200103000,70자1406,128.9985024,35.1024576,,2,live,2026-09-08T12:05:30Z,0.6
2026-09-08T12:05:36Z,126,5200126000,70자2601,129.0099072,35.2252192,,2,live,2026-09-08T12:05:35Z,0.7
2026-09-08T12:05:46Z,103,5200103000,70자1406,128.9998080,35.1030976,,2,live,2026-09-08T12:05:45Z,0.7
2026-09-08T12:05:51Z,103,5200103000,70자1406,129.0005504,35.1033120,,2,live,2026-09-08T12:05:51Z,0.2
2026-09-08T12:06:06Z,131,5200131000,70자5416,129.0688000,35.1878752,,2,live,2026-09-08T12:06:05Z,0.9
2026-09-08T12:06:10Z,131,5200131000,70자5416,129.0684544,35.1882336,,2,live,2026-09-08T12:06:10Z,0.1
2026-09-08T12:06:16Z,1001,5201001000,71자2617,128.9863168,35.0990976,,2,live,2026-09-08T12:06:15Z,0.3
2026-09-08T12:06:21Z,111-1,5200111100,70자1007,129.0629760,35.1960704,,2,live,2026-09-08T12:06:20Z,0.6
2026-09-08T12:06:26Z,126,5200126000,70자2601,129.0116480,35.2275328,,2,live,2026-09-08T12:06:25Z,0.4
2026-09-08T12:06:31Z,103,5200103000,70자1406,129.0014976,35.1034208,,2,live,2026-09-08T12:06:30Z,0.7
2026-09-08T12:06:36Z,33,5200033000,70자5204,129.0674560,35.1702880,,2,live,2026-09-08T12:06:35Z,0.8
2026-09-08T12:06:41Z,103,5200103000,70자1406,129.0023808,35.1034752,,2,live,2026-09-08T12:06:40Z,0.7
2026-09-08T12:06:41Z,131,5200131000,70자5416,129.0679296,35.1894048,,2,live,2026-09-08T12:06:40Z,0.6
2026-09-08T12:06:46Z,103,5200103000,70자1406,129.0031488,35.1036224,,2,live,2026-09-08T12:06:45Z,0.8
2026-09-08T12:07:06Z,33,5200033000,70자5204,129.0674944,35.1716160,,2,live,2026-09-08T12:07:05Z,0.2
2026-09-08T12:07:11Z,1001,5201001000,71자2617,128.9890560,35.0991072,,2,live,2026-09-08T12:07:11Z,0.1
2026-09-08T12:07:26Z,126,5200126000,70자2601,129.0123776,35.2285376,,2,live,2026-09-08T12:07:26Z,0.4
2026-09-08T12:07:26Z,131,5200131000,70자5416,129.0676224,35.1905856,,2,live,2026-09-08T12:07:26Z,0.3
2026-09-08T12:07:51Z,111-1,5200111100,70자1007,129.0646784,35.1964064,,2,live,2026-09-08T12:07:50Z,0.1
2026-09-08T12:07:52Z,131,5200131000,70자5416,129.0656640,35.1907456,,2,live,2026-09-08T12:07:51Z,0.8
2026-09-08T12:08:01Z,111-1,5200111100,70자1007,129.0653696,35.1965056,,2,live,2026-09-08T12:08:01Z,0.1
2026-09-08T12:08:02Z,126,5200126000,70자2601,129.0131584,35.2311168,,2,live,2026-09-08T12:08:01Z,0.8
2026-09-08T12:08:02Z,1001,5201001000,71자2617,128.9909248,35.0993248,,2,live,2026-09-08T12:08:01Z,0.9
2026-09-08T12:08:02Z,33,5200033000,70자5204,129.0675840,35.1743040,,2,live,2026-09-08T12:08:01Z,0.9
2026-09-08T12:08:07Z,131,5200131000,70자5416,129.0649984,35.1918272,,2,live,2026-09-08T12:08:06Z,0.9
2026-09-08T12:08:26Z,33,5200033000,70자5204,129.0678528,35.1768192,,2,live,2026-09-08T12:08:26Z,0.0
2026-09-08T12:08:27Z,33,5200033000,70자5204,129.0678528,35.1768192,,2,live,2026-09-08T12:08:26Z,1.0
2026-09-08T12:08:52Z,1001,5201001000,71자2617,128.9928192,35.0998432,,2,live,2026-09-08T12:08:51Z,0.8
2026-09-08T12:09:27Z,103,5200103000,70자1406,129.0128640,35.1119392,,2,live,2026-09-08T12:09:26Z,0.5
2026-09-08T12:09:27Z,111-1,5200111100,70자1007,129.0660096,35.1956800,,2,live,2026-09-08T12:09:26Z,0.6
2026-09-08T12:09:32Z,131,5200131000,70자5416,129.0646784,35.1926688,,2,live,2026-09-08T12:09:32Z,0.2
2026-09-08T12:09:42Z,1001,5201001000,71자2617,128.9951616,35.1007200,,2,live,2026-09-08T12:09:41Z,0.5
2026-09-08T12:09:47Z,126,5200126000,70자2601,129.0135936,35.2334016,,2,live,2026-09-08T12:09:46Z,0.8
2026-09-08T12:09:47Z,111-1,5200111100,70자1007,129.0663808,35.1945728,,2,live,2026-09-08T12:09:46Z,0.9
2026-09-08T12:09:52Z,126,5200126000,70자2601,129.0136064,35.2336416,,2,live,2026-09-08T12:09:52Z,0.7
2026-09-08T12:10:01Z,111-1,5200111100,70자1007,129.0667008,35.1933824,,2,live,2026-09-08T12:10:01Z,0.1
2026-09-08T12:10:07Z,111-1,5200111100,70자1007,129.0668032,35.1930304,,2,live,2026-09-08T12:10:06Z,0.3
2026-09-08T12:10:08Z,131,5200131000,70자5416,129.0643456,35.1937792,,2,live,2026-09-08T12:10:07Z,1.0
2026-09-08T12:10:12Z,1001,5201001000,71자2617,128.9955840,35.1009280,,2,live,2026-09-08T12:10:12Z,0.1
2026-09-08T12:10:17Z,131,5200131000,70자5416,129.0641536,35.1943424,,2,live,2026-09-08T12:10:17Z,0.1
2026-09-08T12:10:27Z,126,5200126000,70자2601,129.0136320,35.2341792,,2,live,2026-09-08T12:10:27Z,0.4
2026-09-08T12:10:27Z,103,5200103000,70자1406,129.0136448,35.1132256,,2,live,2026-09-08T12:10:26Z,0.5
2026-09-08T12:10:32Z,126,5200126000,70자2601,129.0137600,35.2349792,,2,live,2026-09-08T12:10:32Z,0.5
2026-09-08T12:11:07Z,131,5200131000,70자5416,129.0638720,35.1950592,,2,live,2026-09-08T12:11:07Z,0.0
2026-09-08T12:11:08Z,131,5200131000,70자5416,129.0638720,35.1950592,,2,live,2026-09-08T12:11:07Z,1.0
2026-09-08T12:11:12Z,103,5200103000,70자1406,129.0140928,35.1142336,,2,live,2026-09-08T12:11:12Z,0.3
2026-09-08T12:11:17Z,126,5200126000,70자2601,129.0138368,35.2364096,,2,live,2026-09-08T12:11:17Z,0.4
2026-09-08T12:11:17Z,131,5200131000,70자5416,129.0636928,35.1957632,,2,live,2026-09-08T12:11:17Z,0.2
2026-09-08T12:11:27Z,103,5200103000,70자1406,129.0147456,35.1147648,,2,live,2026-09-08T12:11:27Z,0.6
2026-09-08T12:11:27Z,1001,5201001000,71자2617,128.9985792,35.1023712,,2,live,2026-09-08T12:11:27Z,0.5
2026-09-08T12:11:27Z,131,5200131000,70자5416,129.0627328,35.1961632,,2,live,2026-09-08T12:11:27Z,0.4
2026-09-08T12:11:32Z,33,5200033000,70자5204,129.0676096,35.1769216,,2,live,2026-09-08T12:11:32Z,0.7
2026-09-08T12:11:38Z,1001,5201001000,71자2617,128.9993472,35.1027616,,2,live,2026-09-08T12:11:37Z,0.6
2026-09-08T12:11:43Z,126,5200126000,70자2601,129.0140544,35.2382592,,2,live,2026-09-08T12:11:42Z,0.7
2026-09-08T12:11:58Z,126,5200126000,70자2601,129.0145920,35.2387744,,2,live,2026-09-08T12:11:57Z,0.9
2026-09-08T12:12:02Z,103,5200103000,70자1406,129.0162688,35.1128192,,2,live,2026-09-08T12:12:02Z,0.1
2026-09-08T12:12:12Z,103,5200103000,70자1406,129.0170624,35.1114304,,2,live,2026-09-08T12:12:12Z,0.3
2026-09-08T12:12:12Z,1001,5201001000,71자2617,128.9998976,35.1029824,,2,live,2026-09-08T12:12:12Z,0.2
2026-09-08T12:12:12Z,33,5200033000,70자5204,129.0666368,35.1749088,,2,live,2026-09-08T12:12:12Z,0.3
2026-09-08T12:12:23Z,126,5200126000,70자2601,129.0165888,35.2396704,,2,live,2026-09-08T12:12:22Z,0.3
2026-09-08T12:12:23Z,1001,5201001000,71자2617,129.0005888,35.1032192,,2,live,2026-09-08T12:12:22Z,0.5
2026-09-08T12:12:33Z,1001,5201001000,71자2617,129.0014464,35.1033504,,2,live,2026-09-08T12:12:32Z,0.6
2026-09-08T12:12:38Z,103,5200103000,70자1406,129.0175360,35.1103776,,2,live,2026-09-08T12:12:37Z,0.7
2026-09-08T12:12:38Z,131,5200131000,70자5416,129.0615040,35.1959616,,2,live,2026-09-08T12:12:37Z,0.6
2026-09-08T12:12:43Z,1001,5201001000,71자2617,129.0023296,35.1034272,,2,live,2026-09-08T12:12:42Z,0.6
2026-09-08T12:12:48Z,126,5200126000,70자2601,129.0170240,35.2398784,,2,live,2026-09-08T12:12:47Z,0.5
2026-09-08T12:12:48Z,33,5200033000,70자5204,129.0643200,35.1749888,,2,live,2026-09-08T12:12:47Z,0.8
2026-09-08T12:13:12Z,131,5200131000,70자5416,129.0606848,35.1972224,,2,live,2026-09-08T12:13:12Z,0.0
2026-09-08T12:13:18Z,33,5200033000,70자5204,129.0619776,35.1746816,,2,live,2026-09-08T12:13:18Z,0.1
2026-09-08T12:13:28Z,111-1,5200111100,70자1007,129.0637952,35.1902336,,4,live,2026-09-08T12:13:27Z,0.3
2026-09-08T12:13:38Z,131,5200131000,70자5416,129.0614144,35.1979552,,2,live,2026-09-08T12:13:38Z,0.4
2026-09-08T12:14:08Z,111-1,5200111100,70자1007,129.0627840,35.1897312,,5,live,2026-09-08T12:14:08Z,0.2
2026-09-08T12:14:13Z,126,5200126000,70자2601,129.0194432,35.2413888,,2,live,2026-09-08T12:14:13Z,0.1
2026-09-08T12:14:18Z,103,5200103000,70자1406,129.0180096,35.1097056,,2,live,2026-09-08T12:14:18Z,0.3
2026-09-08T12:14:23Z,33,5200033000,70자5204,129.0615296,35.1744832,,2,live,2026-09-08T12:14:23Z,0.3
2026-09-08T12:14:28Z,131,5200131000,70자5416,129.0646784,35.2005856,,2,live,2026-09-08T12:14:28Z,0.2
2026-09-08T12:14:44Z,33,5200033000,70자5204,129.0600704,35.1727648,,2,live,2026-09-08T12:14:43Z,0.7
2026-09-08T12:14:54Z,33,5200033000,70자5204,129.0591232,35.1718400,,2,live,2026-09-08T12:14:53Z,1.0
2026-09-08T12:14:59Z,131,5200131000,70자5416,129.0652928,35.2012608,,2,live,2026-09-08T12:14:58Z,0.9
2026-09-08T12:15:03Z,126,5200126000,70자2601,129.0217088,35.2414624,,2,live,2026-09-08T12:15:03Z,0.1
2026-09-08T12:15:03Z,103,5200103000,70자1406,129.0198656,35.1079456,,2,live,2026-09-08T12:15:03Z,0.1
2026-09-08T12:15:23Z,131,5200131000,70자5416,129.0669824,35.2037728,,2,live,2026-09-08T12:15:23Z,0.1
2026-09-08T12:15:34Z,126,5200126000,70자2601,129.0223104,35.2414816,,2,live,2026-09-08T12:15:33Z,0.4
2026-09-08T12:15:34Z,33,5200033000,70자5204,129.0568960,35.1711296,,2,live,2026-09-08T12:15:33Z,0.7
2026-09-08T12:15:53Z,33,5200033000,70자5204,129.0556928,35.1709184,,2,live,2026-09-08T12:15:53Z,0.1
2026-09-08T12:15:58Z,1001,5201001000,71자2617,129.0150784,35.1093184,,2,live,2026-09-08T12:15:58Z,0.1
2026-09-08T12:15:58Z,111-1,5200111100,70자1007,129.0608384,35.1887552,,6,live,2026-09-08T12:15:58Z,0.3
2026-09-08T12:16:03Z,1001,5201001000,71자2617,129.0156160,35.1092000,,2,live,2026-09-08T12:16:03Z,0.2
2026-09-08T12:16:03Z,33,5200033000,70자5204,129.0553856,35.1709824,,2,live,2026-09-08T12:16:03Z,0.2
2026-09-08T12:16:08Z,111-1,5200111100,70자1007,129.0603648,35.1885344,,7,live,2026-09-08T12:16:08Z,0.4
2026-09-08T12:16:09Z,131,5200131000,70자5416,129.0677376,35.2051648,,2,live,2026-09-08T12:16:09Z,0.9
2026-09-08T12:16:14Z,1001,5201001000,71자2617,129.0161152,35.1093600,,2,live,2026-09-08T12:16:13Z,0.3
2026-09-08T12:16:29Z,111-1,5200111100,70자1007,129.0593664,35.1883168,,8,live,2026-09-08T12:16:28Z,0.8
2026-09-08T12:16:49Z,103,5200103000,70자1406,129.0204032,35.1075904,,2,live,2026-09-08T12:16:48Z,0.8
2026-09-08T12:16:49Z,1001,5201001000,71자2617,129.0174464,35.1097760,,2,live,2026-09-08T12:16:48Z,0.8
2026-09-08T12:17:04Z,111-1,5200111100,70자1007,129.0578944,35.1881376,,9,live,2026-09-08T12:17:03Z,0.2
2026-09-08T12:17:04Z,33,5200033000,70자5204,129.0550784,35.1734496,,2,live,2026-09-08T12:17:03Z,0.1
2026-09-08T12:17:05Z,126,5200126000,70자2601,129.0215424,35.2440192,,2,live,2026-09-08T12:17:04Z,0.9
2026-09-08T12:17:09Z,131,5200131000,70자5416,129.0679168,35.2054400,,2,live,2026-09-08T12:17:09Z,0.0
2026-09-08T12:17:14Z,126,5200126000,70자2601,129.0210688,35.2440576,,2,live,2026-09-08T12:17:14Z,0.2
2026-09-08T12:17:14Z,103,5200103000,70자1406,129.0218240,35.1075424,,2,live,2026-09-08T12:17:14Z,0.3
2026-09-08T12:17:14Z,111-1,5200111100,70자1007,129.0573824,35.1880608,,9,live,2026-09-08T12:17:13Z,0.4
2026-09-08T12:17:19Z,103,5200103000,70자1406,129.0222336,35.1074304,,2,live,2026-09-08T12:17:19Z,0.2
2026-09-08T12:17:24Z,33,5200033000,70자5204,129.0549760,35.1742176,,2,live,2026-09-08T12:17:24Z,0.5
2026-09-08T12:17:29Z,126,5200126000,70자2601,129.0199168,35.2439008,,2,live,2026-09-08T12:17:29Z,0.3
2026-09-08T12:17:29Z,131,5200131000,70자5416,129.0688512,35.2066464,,2,live,2026-09-08T12:17:29Z,0.1
2026-09-08T12:17:34Z,103,5200103000,70자1406,129.0236032,35.1058304,,2,live,2026-09-08T12:17:34Z,0.6
2026-09-08T12:17:44Z,131,5200131000,70자5416,129.0698368,35.2075360,,2,live,2026-09-08T12:17:44Z,0.5
2026-09-08T12:18:00Z,131,5200131000,70자5416,129.0714368,35.2071008,,2,live,2026-09-08T12:17:59Z,0.8
2026-09-08T12:18:05Z,131,5200131000,70자5416,129.0720384,35.2068640,,2,live,2026-09-08T12:18:04Z,0.9
2026-09-08T12:18:29Z,1001,5201001000,71자2617,129.0213760,35.1112064,,2,live,2026-09-08T12:18:29Z,0.4
2026-09-08T12:18:35Z,103,5200103000,70자1406,129.0246400,35.1045920,,2,live,2026-09-08T12:18:34Z,0.5
2026-09-08T12:18:35Z,1001,5201001000,71자2617,129.0216192,35.1112896,,2,live,2026-09-08T12:18:34Z,0.5
2026-09-08T12:18:40Z,103,5200103000,70자1406,129.0248832,35.1039680,,2,live,2026-09-08T12:18:39Z,0.5
2026-09-08T12:18:40Z,1001,5201001000,71자2617,129.0224896,35.1115680,,2,live,2026-09-08T12:18:39Z,0.5
2026-09-08T12:18:45Z,103,5200103000,70자1406,129.0250880,35.1034816,,2,live,2026-09-08T12:18:44Z,0.5
2026-09-08T12:18:45Z,131,5200131000,70자5416,129.0726784,35.2074176,,2,live,2026-09-08T12:18:44Z,0.4
2026-09-08T12:18:45Z,33,5200033000,70자5204,129.0548224,35.1758240,,2,live,2026-09-08T12:18:44Z,0.6
2026-09-08T12:18:50Z,126,5200126000,70자2601,129.0159488,35.2420928,,2,live,2026-09-08T12:18:49Z,0.8
2026-09-08T12:18:50Z,131,5200131000,70자5416,129.0728448,35.2079936,,2,live,2026-09-08T12:18:49Z,0.7
2026-09-08T12:19:00Z,103,5200103000,70자1406,129.0251520,35.1025024,,2,live,2026-09-08T12:18:59Z,0.7
2026-09-08T12:19:14Z,126,5200126000,70자2601,129.0154112,35.2418848,,2,live,2026-09-08T12:19:14Z,0.2
2026-09-08T12:19:14Z,1001,5201001000,71자2617,129.0245248,35.1121664,,2,live,2026-09-08T12:19:14Z,0.2
2026-09-08T12:19:20Z,131,5200131000,70자5416,129.0730880,35.2087072,,2,live,2026-09-08T12:19:19Z,0.2
2026-09-08T12:19:30Z,126,5200126000,70자2601,129.0143616,35.2416928,,2,live,2026-09-08T12:19:29Z,0.5
2026-09-08T12:20:10Z,33,5200033000,70자5204,129.0538752,35.1778528,,2,live,2026-09-08T12:20:10Z,0.2
2026-09-08T12:20:15Z,103,5200103000,70자1406,129.0250112,35.0997088,,2,live,2026-09-08T12:20:15Z,0.2
2026-09-08T12:20:15Z,131,5200131000,70자5416,129.0732928,35.2098592,,2,live,2026-09-08T12:20:15Z,0.0
2026-09-08T12:20:21Z,131,5200131000,70자5416,129.0734720,35.2103264,,2,live,2026-09-08T12:20:20Z,0.9
2026-09-08T12:20:25Z,1001,5201001000,71자2617,129.0349568,35.1119776,,2,live,2026-09-08T12:20:25Z,0.3
2026-09-08T12:20:30Z,103,5200103000,70자1406,129.0249984,35.0986592,,2,live,2026-09-08T12:20:30Z,0.5
2026-09-08T12:20:30Z,1001,5201001000,71자2617,129.0354304,35.1119616,,2,live,2026-09-08T12:20:30Z,0.5
2026-09-08T12:20:40Z,33,5200033000,70자5204,129.0520832,35.1798368,,2,live,2026-09-08T12:20:40Z,0.7
2026-09-08T12:20:45Z,33,5200033000,70자5204,129.0517120,35.1801568,,2,live,2026-09-08T12:20:45Z,0.7
2026-09-08T12:20:56Z,131,5200131000,70자5416,129.0732544,35.2111616,,2,live,2026-09-08T12:20:55Z,0.8
2026-09-08T12:21:15Z,126,5200126000,70자2601,129.0133376,35.2439424,,2,live,2026-09-08T12:21:15Z,0.1
2026-09-08T12:21:25Z,126,5200126000,70자2601,129.0131712,35.2446400,,4,live,2026-09-08T12:21:25Z,0.4
2026-09-08T12:21:35Z,1001,5201001000,71자2617,129.0376320,35.1119744,,2,live,2026-09-08T12:21:35Z,0.4
2026-09-08T12:21:46Z,126,5200126000,70자2601,129.0130816,35.2464192,,5,live,2026-09-08T12:21:45Z,0.2
2026-09-08T12:21:46Z,33,5200033000,70자5204,129.0509440,35.1806464,,2,live,2026-09-08T12:21:45Z,0.8
2026-09-08T12:21:51Z,103,5200103000,70자1406,129.0255232,35.0975776,,2,live,2026-09-08T12:21:50Z,0.7
2026-09-08T12:22:00Z,33,5200033000,70자5204,129.0495616,35.1813824,,2,live,2026-09-08T12:22:00Z,0.0
2026-09-08T12:22:11Z,131,5200131000,70자5416,129.0731008,35.2115136,,2,live,2026-09-08T12:22:10Z,0.9
2026-09-08T12:22:20Z,103,5200103000,70자1406,129.0278016,35.0976224,,2,live,2026-09-08T12:22:20Z,0.2
2026-09-08T12:22:20Z,1001,5201001000,71자2617,129.0393728,35.1143712,,2,live,2026-09-08T12:22:20Z,0.3
2026-09-08T12:22:26Z,33,5200033000,70자5204,129.0494848,35.1817664,,2,live,2026-09-08T12:22:25Z,0.4
2026-09-08T12:22:31Z,103,5200103000,70자1406,129.0286208,35.0978432,,2,live,2026-09-08T12:22:30Z,0.3
2026-09-08T12:22:46Z,1001,5201001000,71자2617,129.0397056,35.1151840,,2,live,2026-09-08T12:22:45Z,0.5
2026-09-08T12:22:46Z,131,5200131000,70자5416,129.0730240,35.2122464,,2,live,2026-09-08T12:22:45Z,0.5
2026-09-08T12:22:46Z,33,5200033000,70자5204,129.0507648,35.1827456,,2,live,2026-09-08T12:22:45Z,0.6
2026-09-08T12:23:06Z,126,5200126000,70자2601,129.0129792,35.2469536,,6,live,2026-09-08T12:23:06Z,0.8
2026-09-08T12:23:06Z,33,5200033000,70자5204,129.0513280,35.1831776,,4,live,2026-09-08T12:23:06Z,0.8
2026-09-08T12:23:11Z,33,5200033000,70자5204,129.0516480,35.1834560,,5,live,2026-09-08T12:23:11Z,0.9
2026-09-08T12:23:36Z,126,5200126000,70자2601,129.0127616,35.2497632,,7,live,2026-09-08T12:23:36Z,0.4
2026-09-08T12:23:41Z,126,5200126000,70자2601,129.0124928,35.2501216,,8,live,2026-09-08T12:23:41Z,0.4
2026-09-08T12:23:57Z,131,5200131000,70자5416,129.0764672,35.2138240,,2,live,2026-09-08T12:23:56Z,0.6
2026-09-08T12:24:02Z,103,5200103000,70자1406,129.0316032,35.0981024,,2,live,2026-09-08T12:24:01Z,0.9
2026-09-08T12:24:02Z,131,5200131000,70자5416,129.0769152,35.2143392,,2,live,2026-09-08T12:24:01Z,0.7
2026-09-08T12:24:12Z,1001,5201001000,71자2617,129.0404480,35.1164064,,2,live,2026-09-08T12:24:11Z,0.8
2026-09-08T12:24:12Z,131,5200131000,70자5416,129.0771968,35.2147776,,2,live,2026-09-08T12:24:11Z,0.8
2026-09-08T12:24:16Z,1001,5201001000,71자2617,129.0405632,35.1166016,,2,live,2026-09-08T12:24:16Z,0.1
2026-09-08T12:24:21Z,111-1,5200111100,70자1007,129.0559744,35.1873536,,9,live,2026-09-08T12:24:21Z,0.1
2026-09-08T12:24:31Z,1001,5201001000,71자2617,129.0416512,35.1185504,,2,live,2026-09-08T12:24:31Z,0.3
2026-09-08T12:24:41Z,1001,5201001000,71자2617,129.0420096,35.1192480,,2,live,2026-09-08T12:24:41Z,0.1
2026-09-08T12:24:52Z,131,5200131000,70자5416,129.0782208,35.2164224,,2,live,2026-09-08T12:24:51Z,0.6
2026-09-08T12:25:12Z,103,5200103000,70자1406,129.0347392,35.0979360,,2,live,2026-09-08T12:25:11Z,0.8
2026-09-08T12:25:21Z,131,5200131000,70자5416,129.0789632,35.2165312,,2,live,2026-09-08T12:25:21Z,0.2
2026-09-08T12:25:26Z,103,5200103000,70자1406,129.0352128,35.0980832,,2,live,2026-09-08T12:25:26Z,0.2
2026-09-08T12:25:42Z,131,5200131000,70자5416,129.0798080,35.2162560,,2,live,2026-09-08T12:25:41Z,0.4
2026-09-08T12:25:47Z,126,5200126000,70자2601,129.0128640,35.2581344,,9,live,2026-09-08T12:25:46Z,0.6
2026-09-08T12:25:47Z,103,5200103000,70자1406,129.0363648,35.0990112,,2,live,2026-09-08T12:25:46Z,0.7
2026-09-08T12:25:52Z,103,5200103000,70자1406,129.0366464,35.0998688,,2,live,2026-09-08T12:25:51Z,0.7
2026-09-08T12:25:57Z,103,5200103000,70자1406,129.0366208,35.1001472,,2,live,2026-09-08T12:25:56Z,0.7
2026-09-08T12:26:17Z,1001,5201001000,71자2617,129.0422400,35.1196448,,2,live,2026-09-08T12:26:16Z,0.1
2026-09-08T12:26:32Z,126,5200126000,70자2601,129.0145408,35.2619776,,9,live,2026-09-08T12:26:32Z,0.1
2026-09-08T12:26:42Z,1001,5201001000,71자2617,129.0435584,35.1221504,,2,live,2026-09-08T12:26:42Z,0.4
2026-09-08T12:27:23Z,126,5200126000,70자2601,129.0152192,35.2634976,,9,live,2026-09-08T12:27:22Z,0.9
2026-09-08T12:27:32Z,1001,5201001000,71자2617,129.0443776,35.1235328,,2,live,2026-09-08T12:27:32Z,0.3
2026-09-08T12:27:47Z,103,5200103000,70자1406,129.0365184,35.1025248,,2,live,2026-09-08T12:27:47Z,0.5
2026-09-08T12:27:53Z,1001,5201001000,71자2617,129.0452608,35.1250752,,2,live,2026-09-08T12:27:52Z,0.7
2026-09-08T12:28:18Z,103,5200103000,70자1406,129.0364672,35.1042336,,2,live,2026-09-08T12:28:17Z,0.9
2026-09-08T12:28:27Z,103,5200103000,70자1406,129.0363904,35.1047264,,2,live,2026-09-08T12:28:27Z,0.1
2026-09-08T12:28:42Z,1001,5201001000,71자2617,129.0471552,35.1269600,,2,live,2026-09-08T12:28:42Z,0.2
2026-09-08T12:28:53Z,1001,5201001000,71자2617,129.0484352,35.1282912,,2,live,2026-09-08T12:28:52Z,0.4
2026-09-08T12:29:03Z,103,5200103000,70자1406,129.0361984,35.1062592,,2,live,2026-09-08T12:29:03Z,0.3
2026-09-08T12:29:08Z,131,5200131000,70자5416,129.0838272,35.2199264,,2,live,2026-09-08T12:29:08Z,0.5
2026-09-08T12:29:23Z,131,5200131000,70자5416,129.0849920,35.2212032,,2,live,2026-09-08T12:29:23Z,0.7
2026-09-08T12:29:58Z,1001,5201001000,71자2617,129.0490240,35.1288608,,2,live,2026-09-08T12:29:58Z,0.3
2026-09-08T12:30:03Z,3006,5203006000,71자2826,128.8396416,35.0862528,,3,live,2026-09-08T12:30:03Z,0.5
2026-09-08T12:30:13Z,131,5200131000,70자5416,129.0850432,35.2216672,,2,live,2026-09-08T12:30:13Z,0.1
2026-09-08T12:30:18Z,103,5200103000,70자1406,129.0361984,35.1067040,,2,live,2026-09-08T12:30:18Z,0.4
2026-09-08T12:30:18Z,1001,5201001000,71자2617,129.0505984,35.1304768,,2,live,2026-09-08T12:30:18Z,0.5
2026-09-08T12:30:44Z,103,5200103000,70자1406,129.0370304,35.1086912,,2,live,2026-09-08T12:30:43Z,0.8
2026-09-08T12:30:49Z,1001,5201001000,71자2617,129.0526720,35.1325024,,2,live,2026-09-08T12:30:48Z,0.8
2026-09-08T12:30:59Z,3006,5203006000,71자2826,128.8423296,35.0888544,,3,live,2026-09-08T12:30:58Z,1.0
2026-09-08T12:31:19Z,3006,5203006000,71자2826,128.8456320,35.0888544,,3,live,2026-09-08T12:31:18Z,0.3
2026-09-08T12:31:29Z,103,5200103000,70자1406,129.0380416,35.1115680,,2,live,2026-09-08T12:31:28Z,0.5
2026-09-08T12:31:34Z,3006,5203006000,71자2826,128.8488320,35.0888672,,2,live,2026-09-08T12:31:34Z,0.5
2026-09-08T12:31:39Z,1001,5201001000,71자2617,129.0590464,35.1341504,,2,live,2026-09-08T12:31:39Z,0.5
2026-09-08T12:31:45Z,131,5200131000,70자5416,129.0856064,35.2241408,,2,live,2026-09-08T12:31:44Z,0.9
2026-09-08T12:32:04Z,3006,5203006000,71자2826,128.8520448,35.0888800,,2,live,2026-09-08T12:32:04Z,0.1
2026-09-08T12:32:05Z,103,5200103000,70자1406,129.0392576,35.1143936,,2,live,2026-09-08T12:32:04Z,1.0
2026-09-08T12:32:19Z,131,5200131000,70자5416,129.0857600,35.2255712,,2,live,2026-09-08T12:32:19Z,0.1
2026-09-08T12:32:45Z,103,5200103000,70자1406,129.0396416,35.1152000,,2,live,2026-09-08T12:32:44Z,0.7
2026-09-08T12:32:59Z,3006,5203006000,71자2826,128.8536832,35.0888896,,2,live,2026-09-08T12:32:59Z,0.1
2026-09-08T12:33:04Z,33,5200033000,70자5204,129.0526848,35.1843104,,6,live,2026-09-08T12:33:04Z,0.1
2026-09-08T12:33:05Z,131,5200131000,70자5416,129.0860032,35.2279296,,2,live,2026-09-08T12:33:04Z,0.8
2026-09-08T12:33:09Z,3006,5203006000,71자2826,128.8550400,35.0888896,,2,live,2026-09-08T12:33:09Z,0.2
2026-09-08T12:33:24Z,3006,5203006000,71자2826,128.8566784,35.0888864,,2,live,2026-09-08T12:33:24Z,0.5
2026-09-08T12:33:35Z,3006,5203006000,71자2826,128.8587008,35.0888896,,2,live,2026-09-08T12:33:34Z,0.6
2026-09-08T12:33:45Z,1001,5201001000,71자2617,129.0676096,35.1367424,,2,live,2026-09-08T12:33:44Z,0.5
2026-09-08T12:33:46Z,131,5200131000,70자5416,129.0863744,35.2300864,,2,live,2026-09-08T12:33:45Z,0.8
2026-09-08T12:33:55Z,3006,5203006000,71자2826,128.8615552,35.0888928,,2,live,2026-09-08T12:33:54Z,1.0
2026-09-08T12:34:00Z,103,5200103000,70자1406,129.0403712,35.1164512,,2,live,2026-09-08T12:33:59Z,0.9
2026-09-08T12:34:15Z,1001,5201001000,71자2617,129.0714880,35.1366304,,2,live,2026-09-08T12:34:14Z,0.3
2026-09-08T12:34:20Z,3006,5203006000,71자2826,128.8653056,35.0888832,,2,live,2026-09-08T12:34:19Z,0.6
2026-09-08T12:34:20Z,1001,5201001000,71자2617,129.0719872,35.1365344,,2,live,2026-09-08T12:34:19Z,0.5
2026-09-08T12:34:40Z,3006,5203006000,71자2826,128.8689280,35.0888736,,2,live,2026-09-08T12:34:39Z,0.8
2026-09-08T12:34:45Z,3006,5203006000,71자2826,128.8700416,35.0888736,,2,live,2026-09-08T12:34:44Z,0.9
2026-09-08T12:34:55Z,131,5200131000,70자5416,129.0864384,35.2307584,,2,live,2026-09-08T12:34:55Z,0.7
2026-09-08T12:34:59Z,3006,5203006000,71자2826,128.8726400,35.0888800,,2,live,2026-09-08T12:34:59Z,0.1
2026-09-08T12:35:11Z,131,5200131000,70자5416,129.0867200,35.2319872,,2,live,2026-09-08T12:35:10Z,1.0
2026-09-08T12:35:15Z,1001,5201001000,71자2617,129.0762240,35.1344992,,2,live,2026-09-08T12:35:15Z,0.0
2026-09-08T12:35:25Z,3006,5203006000,71자2826,128.8762240,35.0888704,,2,live,2026-09-08T12:35:24Z,0.5
2026-09-08T12:35:35Z,3006,5203006000,71자2826,128.8769536,35.0888320,,2,live,2026-09-08T12:35:35Z,0.5
2026-09-08T12:35:40Z,103,5200103000,70자1406,129.0401280,35.1170080,,2,live,2026-09-08T12:35:40Z,0.4
2026-09-08T12:36:31Z,103,5200103000,70자1406,129.0381184,35.1178176,,2,live,2026-09-08T12:36:30Z,1.0
2026-09-08T12:36:35Z,131,5200131000,70자5416,129.0874752,35.2348544,,2,live,2026-09-08T12:36:35Z,0.1
2026-09-08T12:36:40Z,3006,5203006000,71자2826,128.8808576,35.0889024,,2,live,2026-09-08T12:36:40Z,0.4
2026-09-08T12:36:40Z,131,5200131000,70자5416,129.0875520,35.2353088,,2,live,2026-09-08T12:36:40Z,0.1
2026-09-08T12:36:45Z,3006,5203006000,71자2826,128.8814208,35.0888800,,2,live,2026-09-08T12:36:45Z,0.5
2026-09-08T12:36:56Z,103,5200103000,70자1406,129.0385920,35.1191392,,2,live,2026-09-08T12:36:55Z,0.5
2026-09-08T12:37:01Z,3006,5203006000,71자2826,128.8835456,35.0888832,,2,live,2026-09-08T12:37:00Z,0.6
2026-09-08T12:37:11Z,103,5200103000,70자1406,129.0389248,35.1197632,,2,live,2026-09-08T12:37:10Z,0.7
2026-09-08T12:37:11Z,3006,5203006000,71자2826,128.8855552,35.0889024,,2,live,2026-09-08T12:37:10Z,0.8
2026-09-08T12:37:16Z,3006,5203006000,71자2826,128.8860672,35.0889088,,2,live,2026-09-08T12:37:15Z,0.8
2026-09-08T12:37:30Z,3006,5203006000,71자2826,128.8892416,35.0889216,,2,live,2026-09-08T12:37:30Z,0.0
2026-09-08T12:37:31Z,1001,5201001000,71자2617,129.0876160,35.1348608,,2,live,2026-09-08T12:37:30Z,0.9
2026-09-08T12:37:37Z,103,5200103000,70자1406,129.0395648,35.1211616,,2,live,2026-09-08T12:37:36Z,0.8
2026-09-08T12:37:37Z,1001,5201001000,71자2617,129.0881920,35.1348608,,2,live,2026-09-08T12:37:36Z,0.8
2026-09-08T12:37:47Z,1001,5201001000,71자2617,129.0887552,35.1348864,,2,live,2026-09-08T12:37:46Z,0.5
2026-09-08T12:37:51Z,103,5200103000,70자1406,129.0401024,35.1221824,,2,live,2026-09-08T12:37:51Z,0.2
2026-09-08T12:37:51Z,131,5200131000,70자5416,129.0878336,35.2375616,,2,live,2026-09-08T12:37:51Z,0.1
2026-09-08T12:37:56Z,1001,5201001000,71자2617,129.0900736,35.1349568,,2,live,2026-09-08T12:37:56Z,0.3
2026-09-08T12:38:01Z,3006,5203006000,71자2826,128.8935040,35.0889088,,2,live,2026-09-08T12:38:01Z,0.5
2026-09-08T12:38:01Z,131,5200131000,70자5416,129.0878464,35.2379904,,2,live,2026-09-08T12:38:01Z,0.2
2026-09-08T12:38:16Z,3006,5203006000,71자2826,128.8965888,35.0889088,,2,live,2026-09-08T12:38:16Z,0.6
2026-09-08T12:38:16Z,1001,5201001000,71자2617,129.0914432,35.1350176,,2,live,2026-09-08T12:38:16Z,0.5
2026-09-08T12:38:32Z,3006,5203006000,71자2826,128.8989824,35.0889024,,2,live,2026-09-08T12:38:31Z,0.9
2026-09-08T12:38:37Z,103,5200103000,70자1406,129.0413568,35.1221728,,2,live,2026-09-08T12:38:36Z,0.9
2026-09-08T12:38:51Z,3006,5203006000,71자2826,128.9019904,35.0888704,,2,live,2026-09-08T12:38:51Z,0.4
2026-09-08T12:39:17Z,1001,5201001000,71자2617,129.0933504,35.1352352,,2,live,2026-09-08T12:39:16Z,0.6
2026-09-08T12:39:22Z,103,5200103000,70자1406,129.0418048,35.1205952,,2,live,2026-09-08T12:39:21Z,0.7
2026-09-08T12:39:42Z,3006,5203006000,71자2826,128.9030784,35.0888832,,2,live,2026-09-08T12:39:41Z,1.0
2026-09-08T12:40:01Z,126,5200126000,70자2601,129.0170880,35.2667616,,0,live,2026-09-08T12:40:01Z,0.2
2026-09-08T12:40:22Z,103,5200103000,70자1406,129.0436864,35.1221184,,2,live,2026-09-08T12:40:21Z,0.5
2026-09-08T12:40:22Z,1001,5201001000,71자2617,129.0969088,35.1358592,,2,live,2026-09-08T12:40:21Z,0.3
2026-09-08T12:41:01Z,103,5200103000,70자1406,129.0442496,35.1236128,,2,live,2026-09-08T12:41:01Z,0.1
2026-09-08T12:41:01Z,3006,5203006000,71자2826,128.9062784,35.0889632,,2,live,2026-09-08T12:41:01Z,0.1
2026-09-08T12:41:12Z,103,5200103000,70자1406,129.0451968,35.1251328,,2,live,2026-09-08T12:41:11Z,0.2
2026-09-08T12:41:17Z,1001,5201001000,71자2617,129.0995456,35.1371264,,2,live,2026-09-08T12:41:17Z,0.3
2026-09-08T12:41:17Z,131,5200131000,70자5416,129.0879232,35.2394784,,2,live,2026-09-08T12:41:17Z,0.2
2026-09-08T12:41:27Z,131,5200131000,70자5416,129.0869504,35.2399712,,2,live,2026-09-08T12:41:27Z,0.2
2026-09-08T12:41:32Z,1001,5201001000,71자2617,129.1010176,35.1378336,,2,live,2026-09-08T12:41:32Z,0.4
2026-09-08T12:41:42Z,103,5200103000,70자1406,129.0471552,35.1270400,,2,live,2026-09-08T12:41:42Z,0.5
2026-09-08T12:41:42Z,1001,5201001000,71자2617,129.1019904,35.1382336,,2,live,2026-09-08T12:41:42Z,0.6
2026-09-08T12:41:52Z,103,5200103000,70자1406,129.0483840,35.1283232,,2,live,2026-09-08T12:41:52Z,0.6
2026-09-08T12:41:52Z,131,5200131000,70자5416,129.0864384,35.2402752,,2,live,2026-09-08T12:41:52Z,0.4
2026-09-08T12:42:37Z,131,5200131000,70자5416,129.0864512,35.2422592,,2,live,2026-09-08T12:42:37Z,0.0
2026-09-08T12:42:43Z,103,5200103000,70자1406,129.0489344,35.1288832,,2,live,2026-09-08T12:42:42Z,0.5
2026-09-08T12:42:43Z,1001,5201001000,71자2617,129.1049472,35.1395840,,2,live,2026-09-08T12:42:42Z,0.5
2026-09-08T12:42:48Z,1001,5201001000,71자2617,129.1052416,35.1397120,,2,live,2026-09-08T12:42:47Z,0.6
2026-09-08T12:43:07Z,103,5200103000,70자1406,129.0505344,35.1304992,,2,live,2026-09-08T12:43:07Z,0.0
2026-09-08T12:43:18Z,131,5200131000,70자5416,129.0872064,35.2434592,,2,live,2026-09-08T12:43:17Z,1.0
2026-09-08T12:43:27Z,1001,5201001000,71자2617,129.1074560,35.1415200,,2,live,2026-09-08T12:43:27Z,0.2
2026-09-08T12:43:43Z,131,5200131000,70자5416,129.0882432,35.2446944,,2,live,2026-09-08T12:43:43Z,0.1
2026-09-08T12:43:58Z,103,5200103000,70자1406,129.0526464,35.1324544,,2,live,2026-09-08T12:43:57Z,0.6
2026-09-08T12:44:08Z,1001,5201001000,71자2617,129.1088256,35.1429344,,2,live,2026-09-08T12:44:08Z,0.7
2026-09-08T12:44:08Z,131,5200131000,70자5416,129.0887296,35.2459232,,2,live,2026-09-08T12:44:08Z,0.6
2026-09-08T12:44:19Z,131,5200131000,70자5416,129.0887552,35.2463456,,2,live,2026-09-08T12:44:18Z,0.1
2026-09-08T12:44:58Z,1001,5201001000,71자2617,129.1093760,35.1437792,,2,live,2026-09-08T12:44:58Z,0.4
2026-09-08T12:45:09Z,103,5200103000,70자1406,129.0551040,35.1348672,,2,live,2026-09-08T12:45:08Z,0.7
2026-09-08T12:45:29Z,1001,5201001000,71자2617,129.1103104,35.1471392,,2,live,2026-09-08T12:45:28Z,0.9
2026-09-08T12:45:43Z,131,5200131000,70자5416,129.0881024,35.2490144,,2,live,2026-09-08T12:45:43Z,0.0
2026-09-08T12:46:04Z,1001,5201001000,71자2617,129.1111296,35.1500128,,2,live,2026-09-08T12:46:03Z,0.4
2026-09-08T12:46:24Z,131,5200131000,70자5416,129.0879232,35.2504992,,2,live,2026-09-08T12:46:23Z,0.8
2026-09-08T12:46:34Z,103,5200103000,70자1406,129.0565632,35.1387296,,2,live,2026-09-08T12:46:34Z,1.0
2026-09-08T12:46:39Z,3006,5203006000,71자2826,128.9595520,35.0855840,,2,live,2026-09-08T12:46:38Z,0.4
2026-09-08T12:46:54Z,131,5200131000,70자5416,129.0877568,35.2521920,,2,live,2026-09-08T12:46:54Z,0.3
2026-09-08T12:47:09Z,103,5200103000,70자1406,129.0566400,35.1416128,,2,live,2026-09-08T12:47:09Z,0.6
2026-09-08T12:47:09Z,3006,5203006000,71자2826,128.9645824,35.0854112,,2,live,2026-09-08T12:47:08Z,0.8
2026-09-08T12:47:14Z,103,5200103000,70자1406,129.0566528,35.1420256,,2,live,2026-09-08T12:47:14Z,0.8
2026-09-08T12:47:19Z,1001,5201001000,71자2617,129.1118976,35.1528736,,2,live,2026-09-08T12:47:19Z,0.8
2026-09-08T12:47:29Z,3006,5203006000,71자2826,128.9673600,35.0853312,,2,live,2026-09-08T12:47:28Z,0.2
2026-09-08T12:47:34Z,131,5200131000,70자5416,129.0877440,35.2527424,,2,live,2026-09-08T12:47:34Z,0.0
2026-09-08T12:47:44Z,3006,5203006000,71자2826,128.9702784,35.0852096,,2,live,2026-09-08T12:47:44Z,0.3
2026-09-08T12:47:49Z,1001,5201001000,71자2617,129.1122944,35.1542016,,2,live,2026-09-08T12:47:49Z,0.3
2026-09-08T12:48:10Z,1001,5201001000,71자2617,129.1127808,35.1559904,,2,live,2026-09-08T12:48:09Z,0.6
2026-09-08T12:48:15Z,1001,5201001000,71자2617,129.1129856,35.1569408,,2,live,2026-09-08T12:48:14Z,0.7
2026-09-08T12:48:15Z,131,5200131000,70자5416,129.0877440,35.2557024,,2,live,2026-09-08T12:48:14Z,0.5
2026-09-08T12:48:45Z,3006,5203006000,71자2826,128.9768832,35.0850688,,2,live,2026-09-08T12:48:44Z,1.0
2026-09-08T12:48:59Z,1001,5201001000,71자2617,129.1134848,35.1588512,,2,live,2026-09-08T12:48:59Z,0.3
2026-09-08T12:49:05Z,131,5200131000,70자5416,129.0877568,35.2575744,,2,live,2026-09-08T12:49:04Z,0.1
2026-09-08T12:49:15Z,131,5200131000,70자5416,129.0877440,35.2583232,,2,live,2026-09-08T12:49:14Z,0.4
2026-09-08T12:49:35Z,103,5200103000,70자1406,129.0605568,35.1476608,,2,live,2026-09-08T12:49:34Z,0.9
2026-09-08T12:49:35Z,1001,5201001000,71자2617,129.1135872,35.1593376,,2,live,2026-09-08T12:49:34Z,0.9
2026-09-08T12:49:55Z,103,5200103000,70자1406,129.0611968,35.1479840,,2,live,2026-09-08T12:49:54Z,0.3
2026-09-08T12:50:00Z,131,5200131000,70자5416,129.0876928,35.2604320,,2,live,2026-09-08T12:50:00Z,0.2
2026-09-08T12:50:10Z,1001,5201001000,71자2617,129.1140096,35.1615072,,2,live,2026-09-08T12:50:10Z,0.3
2026-09-08T12:50:20Z,103,5200103000,70자1406,129.0623232,35.1483872,,2,live,2026-09-08T12:50:20Z,0.6
2026-09-08T12:50:40Z,3006,5203006000,71자2826,128.9787776,35.0849728,,2,live,2026-09-08T12:50:40Z,0.0
2026-09-08T12:50:41Z,103,5200103000,70자1406,129.0629248,35.1485664,,2,live,2026-09-08T12:50:40Z,0.9
2026-09-08T12:50:46Z,103,5200103000,70자1406,129.0631552,35.1488384,,2,live,2026-09-08T12:50:45Z,1.0
2026-09-08T12:51:00Z,3006,5203006000,71자2826,128.9792384,35.0849536,,2,live,2026-09-08T12:51:00Z,0.4
2026-09-08T12:51:10Z,1001,5201001000,71자2617,129.1149312,35.1660992,,2,live,2026-09-08T12:51:10Z,0.4
2026-09-08T12:51:10Z,131,5200131000,70자5416,129.0878464,35.2613248,,2,live,2026-09-08T12:51:10Z,0.1
2026-09-08T12:51:15Z,103,5200103000,70자1406,129.0626432,35.1500352,,2,live,2026-09-08T12:51:15Z,0.5
2026-09-08T12:51:26Z,3006,5203006000,71자2826,128.9813888,35.0848832,,2,live,2026-09-08T12:51:25Z,0.8
2026-09-08T12:51:26Z,1001,5201001000,71자2617,129.1151616,35.1669344,,2,live,2026-09-08T12:51:25Z,0.6
2026-09-08T12:51:46Z,103,5200103000,70자1406,129.0623360,35.1515680,,2,live,2026-09-08T12:51:45Z,1.0
2026-09-08T12:51:46Z,1001,5201001000,71자2617,129.1161344,35.1675456,,2,live,2026-09-08T12:51:45Z,1.0
2026-09-08T12:52:05Z,103,5200103000,70자1406,129.0623360,35.1519776,,2,live,2026-09-08T12:52:05Z,0.3
2026-09-08T12:52:11Z,131,5200131000,70자5416,129.0885632,35.2645248,,2,live,2026-09-08T12:52:10Z,0.2
2026-09-08T12:52:21Z,131,5200131000,70자5416,129.0886656,35.2649408,,2,live,2026-09-08T12:52:20Z,0.4
2026-09-08T12:52:31Z,103,5200103000,70자1406,129.0623872,35.1540640,,2,live,2026-09-08T12:52:30Z,0.7
2026-09-08T12:52:46Z,1001,5201001000,71자2617,129.1171072,35.1679072,,2,live,2026-09-08T12:52:45Z,1.0
2026-09-08T12:53:16Z,3006,5203006000,71자2826,128.9830528,35.0848736,,2,live,2026-09-08T12:53:15Z,0.7
2026-09-08T12:53:16Z,131,5200131000,70자5416,129.0889984,35.2665600,,2,live,2026-09-08T12:53:16Z,0.4
2026-09-08T12:53:21Z,1001,5201001000,71자2617,129.1189376,35.1684352,,2,live,2026-09-08T12:53:20Z,0.6
2026-09-08T12:53:26Z,1001,5201001000,71자2617,129.1196928,35.1683200,,2,live,2026-09-08T12:53:25Z,0.8
2026-09-08T12:53:26Z,131,5200131000,70자5416,129.0890496,35.2674208,,2,live,2026-09-08T12:53:26Z,0.6
2026-09-08T12:53:36Z,103,5200103000,70자1406,129.0623872,35.1545632,,2,live,2026-09-08T12:53:36Z,0.8
2026-09-08T12:53:42Z,3006,5203006000,71자2826,128.9859712,35.0854368,,2,live,2026-09-08T12:53:41Z,0.9
2026-09-08T12:53:47Z,131,5200131000,70자5416,129.0890368,35.2687840,,2,live,2026-09-08T12:53:46Z,0.9
2026-09-08T12:54:01Z,131,5200131000,70자5416,129.0890368,35.2692384,,2,live,2026-09-08T12:54:01Z,0.1
2026-09-08T12:54:16Z,1001,5201001000,71자2617,129.1224576,35.1665728,,2,live,2026-09-08T12:54:16Z,0.7
2026-09-08T12:54:27Z,103,5200103000,70자1406,129.0620416,35.1576160,,2,live,2026-09-08T12:54:26Z,0.8
2026-09-08T12:54:42Z,1001,5201001000,71자2617,129.1246976,35.1654848,,2,live,2026-09-08T12:54:41Z,1.0
2026-09-08T12:54:47Z,131,5200131000,70자5416,129.0890368,35.2720512,,2,live,2026-09-08T12:54:46Z,0.9
2026-09-08T12:55:02Z,103,5200103000,70자1406,129.0602624,35.1578208,,2,live,2026-09-08T12:55:02Z,0.0
2026-09-08T12:55:03Z,103,5200103000,70자1406,129.0602624,35.1578208,,2,live,2026-09-08T12:55:02Z,1.0
2026-09-08T12:55:07Z,1001,5201001000,71자2617,129.1271040,35.1661376,,2,live,2026-09-08T12:55:06Z,0.8
2026-09-08T12:55:17Z,131,5200131000,70자5416,129.0889600,35.2744128,,2,live,2026-09-08T12:55:16Z,0.9
2026-09-08T12:55:26Z,1001,5201001000,71자2617,129.1282304,35.1666656,,2,live,2026-09-08T12:55:26Z,0.2
2026-09-08T12:55:26Z,131,5200131000,70자5416,129.0889600,35.2751072,,2,live,2026-09-08T12:55:26Z,0.1
2026-09-08T12:55:31Z,1001,5201001000,71자2617,129.1287552,35.1670528,,2,live,2026-09-08T12:55:31Z,0.1
2026-09-08T12:55:42Z,1001,5201001000,71자2617,129.1298176,35.1677888,,2,live,2026-09-08T12:55:41Z,0.4
2026-09-08T12:55:42Z,131,5200131000,70자5416,129.0895872,35.2753824,,2,live,2026-09-08T12:55:41Z,0.4
2026-09-08T12:55:47Z,1001,5201001000,71자2617,129.1308416,35.1683392,,2,live,2026-09-08T12:55:46Z,0.5
2026-09-08T12:55:52Z,131,5200131000,70자5416,129.0901760,35.2754144,,2,live,2026-09-08T12:55:51Z,0.5
2026-09-08T12:56:02Z,1001,5201001000,71자2617,129.1320320,35.1689504,,2,live,2026-09-08T12:56:01Z,0.8
2026-09-08T12:57:02Z,3006,5203006000,71자2826,129.0045312,35.0875488,,2,live,2026-09-08T12:57:02Z,0.3
2026-09-08T12:57:07Z,131,5200131000,70자5416,129.0921344,35.2755584,,4,live,2026-09-08T12:57:07Z,0.8
2026-09-08T12:57:32Z,131,5200131000,70자5416,129.0928768,35.2763840,,5,live,2026-09-08T12:57:32Z,0.1
2026-09-08T12:57:37Z,103,5200103000,70자1406,129.0596224,35.1578208,,2,live,2026-09-08T12:57:37Z,0.3
2026-09-08T12:57:47Z,1001,5201001000,71자2617,129.1327616,35.1693088,,2,live,2026-09-08T12:57:47Z,0.5
2026-09-08T12:57:52Z,103,5200103000,70자1406,129.0585216,35.1586688,,2,live,2026-09-08T12:57:52Z,0.6
2026-09-08T12:57:58Z,1001,5201001000,71자2617,129.1333120,35.1695520,,2,live,2026-09-08T12:57:57Z,0.7
2026-09-08T12:58:08Z,131,5200131000,70자5416,129.0933248,35.2790176,,6,live,2026-09-08T12:58:07Z,0.6
2026-09-08T12:58:27Z,3006,5203006000,71자2826,129.0056576,35.0870208,,2,live,2026-09-08T12:58:27Z,0.2
2026-09-08T12:58:37Z,131,5200131000,70자5416,129.0934400,35.2798080,,7,live,2026-09-08T12:58:37Z,0.1
2026-09-08T12:59:03Z,103,5200103000,70자1406,129.0564096,35.1610912,,2,live,2026-09-08T12:59:03Z,0.4
2026-09-08T12:59:03Z,131,5200131000,70자5416,129.0942080,35.2824128,,8,live,2026-09-08T12:59:02Z,0.6
2026-09-08T12:59:13Z,131,5200131000,70자5416,129.0945408,35.2834688,,9,live,2026-09-08T12:59:12Z,0.8
2026-09-08T12:59:18Z,103,5200103000,70자1406,129.0554368,35.1624352,,2,live,2026-09-08T12:59:17Z,0.8
2026-09-08T12:59:29Z,131,5200131000,70자5416,129.0946944,35.2838784,,9,live,2026-09-08T12:59:28Z,1.0
2026-09-08T12:59:33Z,103,5200103000,70자1406,129.0545152,35.1637184,,2,live,2026-09-08T12:59:32Z,0.2
2026-09-08T13:00:19Z,111-1,5200111100,70자1007,129.0536448,35.1856128,,1,live,2026-09-08T13:00:18Z,0.8
2026-09-08T13:00:33Z,103,5200103000,70자1406,129.0541056,35.1640512,,2,live,2026-09-08T13:00:33Z,0.0
2026-09-08T13:00:38Z,103,5200103000,70자1406,129.0538240,35.1643840,,2,live,2026-09-08T13:00:38Z,0.1
2026-09-08T13:00:43Z,111-1,5200111100,70자1007,129.0528768,35.1848640,,1,live,2026-09-08T13:00:43Z,0.4
2026-09-08T13:00:48Z,131,5200131000,70자5416,129.0965248,35.2882240,,9,live,2026-09-08T13:00:48Z,0.0
2026-09-08T13:00:53Z,3006,5203006000,71자2826,129.0155648,35.0813600,,2,live,2026-09-08T13:00:53Z,0.5
2026-09-08T13:00:53Z,1001,5201001000,71자2617,129.1397120,35.1681504,,2,live,2026-09-08T13:00:53Z,0.3
2026-09-08T13:00:58Z,103,5200103000,70자1406,129.0534912,35.1647456,,2,live,2026-09-08T13:00:58Z,0.2
2026-09-08T13:01:14Z,131,5200131000,70자5416,129.0973312,35.2897056,,0,live,2026-09-08T13:01:13Z,0.5
2026-09-08T13:01:24Z,103,5200103000,70자1406,129.0517376,35.1670496,,2,live,2026-09-08T13:01:23Z,0.9
2026-09-08T13:01:24Z,3006,5203006000,71자2826,129.0166784,35.0809664,,2,live,2026-09-08T13:01:23Z,0.9
2026-09-08T13:01:33Z,3006,5203006000,71자2826,129.0176384,35.0798176,,2,live,2026-09-08T13:01:33Z,0.1
2026-09-08T13:01:43Z,3006,5203006000,71자2826,129.0183296,35.0787776,,2,live,2026-09-08T13:01:43Z,0.0
2026-09-08T13:01:48Z,3006,5203006000,71자2826,129.0185600,35.0784544,,2,live,2026-09-08T13:01:48Z,0.4
2026-09-08T13:01:48Z,1001,5201001000,71자2617,129.1424384,35.1644672,,2,live,2026-09-08T13:01:48Z,0.3
2026-09-08T13:01:54Z,103,5200103000,70자1406,129.0509184,35.1680800,,2,live,2026-09-08T13:01:53Z,0.3
2026-09-08T13:02:09Z,1001,5201001000,71자2617,129.1439360,35.1634016,,2,live,2026-09-08T13:02:08Z,0.7
2026-09-08T13:02:34Z,103,5200103000,70자1406,129.0517120,35.1692992,,2,live,2026-09-08T13:02:34Z,0.8
2026-09-08T13:02:39Z,103,5200103000,70자1406,129.0519680,35.1695168,,2,live,2026-09-08T13:02:38Z,1.0
2026-09-08T13:02:44Z,3006,5203006000,71자2826,129.0212736,35.0794560,,2,live,2026-09-08T13:02:43Z,0.1
2026-09-08T13:02:54Z,111-1,5200111100,70자1007,129.0532480,35.1848576,,1,live,2026-09-08T13:02:54Z,0.2
2026-09-08T13:02:59Z,103,5200103000,70자1406,129.0548736,35.1704512,,2,live,2026-09-08T13:02:59Z,0.3
2026-09-08T13:03:00Z,111-1,5200111100,70자1007,129.0537216,35.1852288,,1,live,2026-09-08T13:02:59Z,0.9
2026-09-08T13:03:09Z,103,5200103000,70자1406,129.0551936,35.1710368,,2,live,2026-09-08T13:03:09Z,0.5
2026-09-08T13:03:24Z,111-1,5200111100,70자1007,129.0553344,35.1864800,,1,live,2026-09-08T13:03:23Z,0.9
2026-09-08T13:03:29Z,111-1,5200111100,70자1007,129.0558592,35.1868736,,1,live,2026-09-08T13:03:29Z,0.8
2026-09-08T13:03:39Z,111-1,5200111100,70자1007,129.0571264,35.1876448,,1,live,2026-09-08T13:03:39Z,0.0
2026-09-08T13:03:49Z,1001,5201001000,71자2617,129.1476864,35.1614752,,2,live,2026-09-08T13:03:49Z,0.1
2026-09-08T13:03:49Z,111-1,5200111100,70자1007,129.0584448,35.1879232,,1,live,2026-09-08T13:03:49Z,0.2
2026-09-08T13:03:54Z,103,5200103000,70자1406,129.0549760,35.1734784,,2,live,2026-09-08T13:03:54Z,0.0
2026-09-08T13:03:59Z,103,5200103000,70자1406,129.0548864,35.1741984,,2,live,2026-09-08T13:03:59Z,0.2
2026-09-08T13:03:59Z,111-1,5200111100,70자1007,129.0601600,35.1881440,,1,live,2026-09-08T13:03:59Z,0.4
2026-09-08T13:04:04Z,1001,5201001000,71자2617,129.1488768,35.1608672,,2,live,2026-09-08T13:04:04Z,0.3
2026-09-08T13:04:20Z,103,5200103000,70자1406,129.0547456,35.1758240,,2,live,2026-09-08T13:04:19Z,0.6
2026-09-08T13:04:20Z,111-1,5200111100,70자1007,129.0621184,35.1890816,,1,live,2026-09-08T13:04:19Z,0.8
2026-09-08T13:04:54Z,103,5200103000,70자1406,129.0538240,35.1778528,,2,live,2026-09-08T13:04:54Z,0.1
2026-09-08T13:05:10Z,111-1,5200111100,70자1007,129.0624896,35.1892736,,1,live,2026-09-08T13:05:09Z,0.4
2026-09-08T13:05:15Z,3006,5203006000,71자2826,129.0418048,35.0868096,,2,live,2026-09-08T13:05:14Z,0.5
2026-09-08T13:05:20Z,131,5200131000,70자5416,129.0975616,35.2897984,,4,live,2026-09-08T13:05:20Z,0.1
2026-09-08T13:05:30Z,1001,5201001000,71자2617,129.1535616,35.1607712,,2,live,2026-09-08T13:05:29Z,0.5
2026-09-08T13:05:35Z,3006,5203006000,71자2826,129.0422528,35.0876736,,2,live,2026-09-08T13:05:34Z,0.7
2026-09-08T13:05:49Z,111-1,5200111100,70자1007,129.0648064,35.1902464,,1,live,2026-09-08T13:05:49Z,0.0
2026-09-08T13:05:56Z,103,5200103000,70자1406,129.0520576,35.1797984,,2,live,2026-09-08T13:05:55Z,1.0
2026-09-08T13:06:00Z,103,5200103000,70자1406,129.0516224,35.1801408,,2,live,2026-09-08T13:06:00Z,0.1
2026-09-08T13:06:01Z,1001,5201001000,71자2617,129.1557376,35.1618432,,2,live,2026-09-08T13:06:00Z,1.0
2026-09-08T13:06:10Z,111-1,5200111100,70자1007,129.0670336,35.1908096,,1,live,2026-09-08T13:06:10Z,0.2
2026-09-08T13:06:35Z,103,5200103000,70자1406,129.0509440,35.1806400,,2,live,2026-09-08T13:06:35Z,0.5
2026-09-08T13:06:35Z,1001,5201001000,71자2617,129.1579392,35.1631456,,2,live,2026-09-08T13:06:35Z,0.6
2026-09-08T13:06:56Z,103,5200103000,70자1406,129.0495488,35.1814048,,2,live,2026-09-08T13:06:55Z,0.8
2026-09-08T13:07:06Z,1001,5201001000,71자2617,129.1585024,35.1633824,,2,live,2026-09-08T13:07:05Z,0.8
2026-09-08T13:07:31Z,103,5200103000,70자1406,129.0494592,35.1818112,,2,live,2026-09-08T13:07:30Z,0.4
2026-09-08T13:07:31Z,3006,5203006000,71자2826,129.0432896,35.0896768,,2,live,2026-09-08T13:07:30Z,0.6
2026-09-08T13:07:36Z,3006,5203006000,71자2826,129.0436352,35.0902720,,2,live,2026-09-08T13:07:35Z,0.6
2026-09-08T13:07:46Z,103,5200103000,70자1406,129.0507776,35.1827936,,4,live,2026-09-08T13:07:45Z,0.5
2026-09-08T13:07:46Z,3006,5203006000,71자2826,129.0440192,35.0908992,,2,live,2026-09-08T13:07:45Z,0.7
2026-09-08T13:07:46Z,111-1,5200111100,70자1007,129.0674432,35.1920512,,1,live,2026-09-08T13:07:45Z,0.7
2026-09-08T13:08:16Z,111-1,5200111100,70자1007,129.0672768,35.1926688,,1,live,2026-09-08T13:08:15Z,0.2
2026-09-08T13:08:26Z,111-1,5200111100,70자1007,129.0668544,35.1937760,,1,live,2026-09-08T13:08:25Z,0.3
2026-09-08T13:08:31Z,1001,5201001000,71자2617,129.1597312,35.1640640,,2,live,2026-09-08T13:08:31Z,0.2
2026-09-08T13:08:51Z,1001,5201001000,71자2617,129.1609600,35.1646624,,2,live,2026-09-08T13:08:51Z,0.5
2026-09-08T13:08:51Z,111-1,5200111100,70자1007,129.0664960,35.1948736,,1,live,2026-09-08T13:08:51Z,0.8
2026-09-08T13:09:06Z,111-1,5200111100,70자1007,129.0657152,35.1952096,,1,live,2026-09-08T13:09:06Z,0.1
2026-09-08T13:09:07Z,1001,5201001000,71자2617,129.1616768,35.1650592,,2,live,2026-09-08T13:09:06Z,0.3
2026-09-08T13:09:21Z,111-1,5200111100,70자1007,129.0651904,35.1951424,,1,live,2026-09-08T13:09:21Z,0.3
2026-09-08T13:09:26Z,3006,5203006000,71자2826,129.0448128,35.0923744,,2,live,2026-09-08T13:09:26Z,0.5
2026-09-08T13:09:36Z,1001,5201001000,71자2617,129.1622784,35.1654144,,2,live,2026-09-08T13:09:36Z,0.4
2026-09-08T13:09:52Z,3006,5203006000,71자2826,129.0465408,35.0937056,,2,live,2026-09-08T13:09:51Z,0.7
2026-09-08T13:09:57Z,3006,5203006000,71자2826,129.0470784,35.0939584,,2,live,2026-09-08T13:09:56Z,0.8
2026-09-08T13:10:31Z,111-1,5200111100,70자1007,129.0640768,35.1951968,,1,live,2026-09-08T13:10:31Z,0.4
2026-09-08T13:10:37Z,3006,5203006000,71자2826,129.0479872,35.0943872,,2,live,2026-09-08T13:10:36Z,0.5
2026-09-08T13:10:57Z,1001,5201001000,71자2617,129.1627776,35.1657376,,2,live,2026-09-08T13:10:56Z,0.5
2026-09-08T13:11:07Z,3006,5203006000,71자2826,129.0514560,35.0949120,,2,live,2026-09-08T13:11:06Z,0.9
2026-09-08T13:11:17Z,1001,5201001000,71자2617,129.1654656,35.1663392,,2,live,2026-09-08T13:11:16Z,1.0
2026-09-08T13:11:21Z,3006,5203006000,71자2826,129.0531200,35.0954336,,2,live,2026-09-08T13:11:21Z,0.2
2026-09-08T13:11:37Z,1001,5201001000,71자2617,129.1674496,35.1665312,,2,live,2026-09-08T13:11:36Z,0.3
2026-09-08T13:11:42Z,111-1,5200111100,70자1007,129.0637312,35.1958112,,1,live,2026-09-08T13:11:41Z,0.5
2026-09-08T13:11:47Z,1001,5201001000,71자2617,129.1684992,35.1665888,,2,live,2026-09-08T13:11:47Z,0.5
2026-09-08T13:11:57Z,111-1,5200111100,70자1007,129.0627328,35.1962016,,1,live,2026-09-08T13:11:57Z,0.2
2026-09-08T13:12:13Z,1001,5201001000,71자2617,129.1692032,35.1666496,,2,live,2026-09-08T13:12:12Z,0.9
2026-09-08T13:12:22Z,3006,5203006000,71자2826,129.0560640,35.0980448,,2,live,2026-09-08T13:12:22Z,0.2
2026-09-08T13:12:32Z,1001,5201001000,71자2617,129.1708544,35.1667008,,2,live,2026-09-08T13:12:32Z,0.1
2026-09-08T13:12:37Z,1001,5201001000,71자2617,129.1718400,35.1666912,,2,live,2026-09-08T13:12:37Z,0.1
2026-09-08T13:12:57Z,1001,5201001000,71자2617,129.1733120,35.1674432,,2,live,2026-09-08T13:12:57Z,0.6
2026-09-08T13:13:08Z,1001,5201001000,71자2617,129.1742592,35.1681472,,2,live,2026-09-08T13:13:07Z,0.8
2026-09-08T13:13:13Z,111-1,5200111100,70자1007,129.0615040,35.1960096,,1,live,2026-09-08T13:13:12Z,0.9
2026-09-08T13:13:28Z,1001,5201001000,71자2617,129.1755520,35.1691392,,2,live,2026-09-08T13:13:27Z,0.8
2026-09-08T13:13:32Z,1001,5201001000,71자2617,129.1757696,35.1693536,,2,live,2026-09-08T13:13:32Z,0.2
2026-09-08T13:13:43Z,111-1,5200111100,70자1007,129.0605952,35.1972416,,1,live,2026-09-08T13:13:42Z,0.6
2026-09-08T13:13:48Z,1001,5201001000,71자2617,129.1754496,35.1701152,,2,live,2026-09-08T13:13:47Z,0.4
2026-09-08T13:14:03Z,111-1,5200111100,70자1007,129.0610560,35.1979840,,1,live,2026-09-08T13:14:02Z,0.8
2026-09-08T13:14:13Z,3006,5203006000,71자2826,129.0609024,35.1019360,,2,live,2026-09-08T13:14:12Z,0.8
2026-09-08T13:14:18Z,1001,5201001000,71자2617,129.1749376,35.1709568,,2,live,2026-09-08T13:14:17Z,0.9
2026-09-08T13:14:38Z,1001,5201001000,71자2617,129.1745152,35.1716032,,2,live,2026-09-08T13:14:37Z,0.3
2026-09-08T13:15:33Z,1001,5201001000,71자2617,129.1735168,35.1729344,,2,live,2026-09-08T13:15:33Z,0.0
2026-09-08T13:15:53Z,3006,5203006000,71자2826,129.0689408,35.1090880,,2,live,2026-09-08T13:15:53Z,0.5
2026-09-08T13:16:14Z,1001,5201001000,71자2617,129.1727872,35.1738656,,2,live,2026-09-08T13:16:13Z,0.3
2026-09-08T13:16:28Z,111-1,5200111100,70자1007,129.0642048,35.2004128,,1,live,2026-09-08T13:16:28Z,0.1
2026-09-08T13:16:38Z,111-1,5200111100,70자1007,129.0652800,35.2012864,,1,live,2026-09-08T13:16:38Z,0.1
2026-09-08T13:17:04Z,1001,5201001000,71자2617,129.1709952,35.1762528,,2,live,2026-09-08T13:17:03Z,0.5
2026-09-08T13:17:19Z,1001,5201001000,71자2617,129.1711232,35.1766784,,2,live,2026-09-08T13:17:18Z,0.7
2026-09-08T13:17:38Z,111-1,5200111100,70자1007,129.0670976,35.2038688,,1,live,2026-09-08T13:17:38Z,0.1
2026-09-08T13:18:14Z,111-1,5200111100,70자1007,129.0679424,35.2050624,,1,live,2026-09-08T13:18:13Z,0.7
2026-09-08T13:18:19Z,1001,5201001000,71자2617,129.1738624,35.1779744,,2,live,2026-09-08T13:18:19Z,0.6
2026-09-08T13:18:24Z,111-1,5200111100,70자1007,129.0683392,35.2054720,,1,live,2026-09-08T13:18:23Z,0.8
2026-09-08T13:18:29Z,1001,5201001000,71자2617,129.1744640,35.1779584,,2,live,2026-09-08T13:18:29Z,0.6
2026-09-08T13:18:35Z,111-1,5200111100,70자1007,129.0690560,35.2065760,,1,live,2026-09-08T13:18:34Z,0.9
2026-09-08T13:18:44Z,111-1,5200111100,70자1007,129.0699776,35.2074464,,1,live,2026-09-08T13:18:44Z,0.1
2026-09-08T13:19:19Z,1001,5201001000,71자2617,129.1748608,35.1778752,,2,live,2026-09-08T13:19:19Z,0.5
2026-09-08T13:19:25Z,111-1,5200111100,70자1007,129.0717056,35.2069888,,1,live,2026-09-08T13:19:24Z,0.7
2026-09-08T13:19:30Z,111-1,5200111100,70자1007,129.0724736,35.2066496,,1,live,2026-09-08T13:19:29Z,0.6
2026-09-08T13:19:35Z,1001,5201001000,71자2617,129.1765632,35.1774752,,2,live,2026-09-08T13:19:34Z,0.7
2026-09-08T13:20:04Z,111-1,5200111100,70자1007,129.0751232,35.2055904,,1,live,2026-09-08T13:20:04Z,0.1
2026-09-08T13:20:40Z,103,5200103000,70자1406,129.0526976,35.1843616,,5,live,2026-09-08T13:20:39Z,0.8
2026-09-08T13:21:20Z,3006,5203006000,71자2826,129.0952960,35.1153344,,2,live,2026-09-08T13:21:19Z,0.6
2026-09-08T13:21:25Z,3006,5203006000,71자2826,129.0951552,35.1157632,,2,live,2026-09-08T13:21:24Z,0.6
2026-09-08T13:21:30Z,111-1,5200111100,70자1007,129.0775040,35.2045696,,1,live,2026-09-08T13:21:29Z,0.6
2026-09-08T13:21:50Z,111-1,5200111100,70자1007,129.0781568,35.2056640,,1,live,2026-09-08T13:21:50Z,0.0
2026-09-08T13:22:05Z,3006,5203006000,71자2826,129.0977536,35.1198944,,2,live,2026-09-08T13:22:05Z,0.1
2026-09-08T13:22:20Z,111-1,5200111100,70자1007,129.0781568,35.2063360,,1,live,2026-09-08T13:22:20Z,0.4
2026-09-08T13:22:35Z,111-1,5200111100,70자1007,129.0781440,35.2078528,,1,live,2026-09-08T13:22:35Z,0.0
2026-09-08T13:22:40Z,3006,5203006000,71자2826,129.0986368,35.1210112,,2,live,2026-09-08T13:22:40Z,0.6
2026-09-08T13:22:40Z,111-1,5200111100,70자1007,129.0781568,35.2088960,,1,live,2026-09-08T13:22:40Z,0.6
2026-09-08T13:22:51Z,111-1,5200111100,70자1007,129.0782336,35.2101632,,1,live,2026-09-08T13:22:50Z,0.8
2026-09-08T13:23:00Z,111-1,5200111100,70자1007,129.0786432,35.2113536,,1,live,2026-09-08T13:23:00Z,0.0
2026-09-08T13:23:05Z,3006,5203006000,71자2826,129.0993920,35.1228512,,2,live,2026-09-08T13:23:05Z,0.1
2026-09-08T13:23:46Z,1001,5201001000,71자2617,129.1841408,35.1762272,,2,live,2026-09-08T13:23:46Z,0.3
2026-09-08T13:24:11Z,1001,5201001000,71자2617,129.1863680,35.1767296,,2,live,2026-09-08T13:24:11Z,0.8
2026-09-08T13:24:21Z,111-1,5200111100,70자1007,129.0793088,35.2124288,,1,live,2026-09-08T13:24:21Z,0.1
2026-09-08T13:24:26Z,1001,5201001000,71자2617,129.1880064,35.1771072,,2,live,2026-09-08T13:24:26Z,0.1
2026-09-08T13:24:41Z,3006,5203006000,71자2826,129.1001088,35.1247104,,2,live,2026-09-08T13:24:41Z,0.5
2026-09-08T13:25:01Z,111-1,5200111100,70자1007,129.0811008,35.2149312,,1,live,2026-09-08T13:25:01Z,0.8
2026-09-08T13:25:06Z,3006,5203006000,71자2826,129.1018496,35.1271328,,2,live,2026-09-08T13:25:06Z,0.5
2026-09-08T13:25:06Z,1001,5201001000,71자2617,129.1925504,35.1781504,,2,live,2026-09-08T13:25:06Z,0.4
2026-09-08T13:25:12Z,3006,5203006000,71자2826,129.1031040,35.1280064,,2,live,2026-09-08T13:25:11Z,0.9
2026-09-08T13:25:31Z,111-1,5200111100,70자1007,129.0843392,35.2177248,,1,live,2026-09-08T13:25:31Z,0.1
2026-09-08T13:25:32Z,1001,5201001000,71자2617,129.1951616,35.1788832,,2,live,2026-09-08T13:25:31Z,1.0
2026-09-08T13:25:36Z,3006,5203006000,71자2826,129.1052800,35.1293536,,2,live,2026-09-08T13:25:36Z,0.1
2026-09-08T13:25:36Z,111-1,5200111100,70자1007,129.0847360,35.2182112,,1,live,2026-09-08T13:25:36Z,0.2
2026-09-08T13:25:41Z,1001,5201001000,71자2617,129.1961984,35.1794880,,2,live,2026-09-08T13:25:41Z,0.1
2026-09-08T13:25:42Z,111-1,5200111100,70자1007,129.0849920,35.2185248,,1,live,2026-09-08T13:25:41Z,1.0
2026-09-08T13:25:51Z,1001,5201001000,71자2617,129.1970688,35.1800320,,2,live,2026-09-08T13:25:51Z,0.2
2026-09-08T13:26:17Z,1001,5201001000,71자2617,129.1988224,35.1807648,,2,live,2026-09-08T13:26:17Z,0.4
2026-09-08T13:26:17Z,111-1,5200111100,70자1007,129.0859008,35.2199456,,1,live,2026-09-08T13:26:16Z,0.8
2026-09-08T13:26:32Z,111-1,5200111100,70자1007,129.0866944,35.2213984,,1,live,2026-09-08T13:26:31Z,1.0
2026-09-08T13:26:41Z,111-1,5200111100,70자1007,129.0873728,35.2226208,,1,live,2026-09-08T13:26:41Z,0.2
2026-09-08T13:26:52Z,1001,5201001000,71자2617,129.2002048,35.1823488,,2,live,2026-09-08T13:26:51Z,0.1
2026-09-08T13:27:32Z,3006,5203006000,71자2826,129.1071744,35.1310848,,2,live,2026-09-08T13:27:32Z,0.0
2026-09-08T13:27:42Z,3006,5203006000,71자2826,129.1082368,35.1322048,,2,live,2026-09-08T13:27:42Z,0.1
2026-09-08T13:28:02Z,1001,5201001000,71자2617,129.2009728,35.1834656,,2,live,2026-09-08T13:28:02Z,0.3
2026-09-08T13:28:07Z,3006,5203006000,71자2826,129.1085824,35.1325696,,2,live,2026-09-08T13:28:07Z,0.6
2026-09-08T13:28:23Z,1001,5201001000,71자2617,129.2016256,35.1846912,,2,live,2026-09-08T13:28:22Z,0.7
2026-09-08T13:28:33Z,3006,5203006000,71자2826,129.1103872,35.1347168,,2,live,2026-09-08T13:28:32Z,0.6
2026-09-08T13:28:52Z,111-1,5200111100,70자1007,129.0864896,35.2244480,,1,live,2026-09-08T13:28:52Z,0.3
2026-09-08T13:29:28Z,111-1,5200111100,70자1007,129.0858624,35.2255808,,1,live,2026-09-08T13:29:27Z,0.8
2026-09-08T13:31:03Z,111-1,5200111100,70자1007,129.0860800,35.2278944,,1,live,2026-09-08T13:31:03Z,0.1
2026-09-08T13:31:08Z,1001,5201001000,71자2617,129.2042368,35.1902976,,2,live,2026-09-08T13:31:08Z,0.1
2026-09-08T13:31:44Z,111-1,5200111100,70자1007,129.0864384,35.2300960,,1,live,2026-09-08T13:31:43Z,1.0
2026-09-08T13:32:39Z,1001,5201001000,71자2617,129.2055040,35.1948928,,2,live,2026-09-08T13:32:38Z,0.7
2026-09-08T13:32:44Z,1001,5201001000,71자2617,129.2055168,35.1949312,,2,live,2026-09-08T13:32:43Z,0.7
2026-09-08T13:33:09Z,111-1,5200111100,70자1007,129.0865280,35.2307808,,1,live,2026-09-08T13:33:09Z,0.2
2026-09-08T13:33:29Z,1001,5201001000,71자2617,129.2059008,35.1968544,,2,live,2026-09-08T13:33:29Z,0.2
2026-09-08T13:33:29Z,111-1,5200111100,70자1007,129.0868352,35.2319616,,1,live,2026-09-08T13:33:29Z,0.6
2026-09-08T13:33:39Z,3006,5203006000,71자2826,129.1363328,35.1650048,,2,live,2026-09-08T13:33:39Z,0.5
2026-09-08T13:33:39Z,1001,5201001000,71자2617,129.2059904,35.1972416,,2,live,2026-09-08T13:33:39Z,0.5
2026-09-08T13:33:55Z,1001,5201001000,71자2617,129.2066560,35.1982816,,2,live,2026-09-08T13:33:54Z,0.8
2026-09-08T13:33:59Z,3006,5203006000,71자2826,129.1386624,35.1669248,,2,live,2026-09-08T13:33:59Z,0.0
2026-09-08T13:34:04Z,3006,5203006000,71자2826,129.1387648,35.1671424,,2,live,2026-09-08T13:34:04Z,0.1
2026-09-08T13:34:30Z,1001,5201001000,71자2617,129.2089088,35.1969760,,2,live,2026-09-08T13:34:30Z,0.8
2026-09-08T13:34:34Z,1001,5201001000,71자2617,129.2092288,35.1967584,,2,live,2026-09-08T13:34:34Z,0.5
2026-09-08T13:34:55Z,111-1,5200111100,70자1007,129.0875520,35.2347936,,1,live,2026-09-08T13:34:54Z,0.9
2026-09-08T13:34:59Z,111-1,5200111100,70자1007,129.0876672,35.2352512,,1,live,2026-09-08T13:34:59Z,0.0
2026-09-08T13:35:00Z,1001,5201001000,71자2617,129.2101248,35.1962208,,2,live,2026-09-08T13:34:59Z,0.9
2026-09-08T13:35:40Z,1001,5201001000,71자2617,129.2123008,35.1947360,,2,live,2026-09-08T13:35:39Z,0.5
2026-09-08T13:36:15Z,111-1,5200111100,70자1007,129.0879232,35.2375872,,1,live,2026-09-08T13:36:14Z,0.3
2026-09-08T13:36:30Z,1001,5201001000,71자2617,129.2151808,35.1916576,,2,live,2026-09-08T13:36:30Z,0.3
2026-09-08T13:37:05Z,111-1,5200111100,70자1007,129.0879360,35.2380032,,1,live,2026-09-08T13:37:05Z,0.0
2026-09-08T13:37:06Z,1001,5201001000,71자2617,129.2155904,35.1913504,,2,live,2026-09-08T13:37:05Z,0.9
2026-09-08T13:37:51Z,3006,5203006000,71자2826,129.1340672,35.1664544,,2,live,2026-09-08T13:37:50Z,0.6
2026-09-08T13:38:06Z,3006,5203006000,71자2826,129.1363712,35.1674560,,2,live,2026-09-08T13:38:05Z,0.8
2026-09-08T13:38:06Z,111-1,5200111100,70자1007,129.0879488,35.2394944,,1,live,2026-09-08T13:38:05Z,0.9
2026-09-08T13:38:20Z,111-1,5200111100,70자1007,129.0869632,35.2400896,,1,live,2026-09-08T13:38:20Z,0.1
2026-09-08T13:38:25Z,3006,5203006000,71자2826,129.1375104,35.1681312,,2,live,2026-09-08T13:38:25Z,0.2
2026-09-08T13:38:30Z,1001,5201001000,71자2617,129.2193408,35.1934816,,2,live,2026-09-08T13:38:30Z,0.1
2026-09-08T13:39:11Z,1001,5201001000,71자2617,129.2201088,35.1939744,,2,live,2026-09-08T13:39:11Z,0.5
2026-09-08T13:39:41Z,3006,5203006000,71자2826,129.1383168,35.1686592,,2,live,2026-09-08T13:39:41Z,0.3
2026-09-08T13:39:51Z,111-1,5200111100,70자1007,129.0858496,35.2400960,,1,live,2026-09-08T13:39:51Z,0.5
2026-09-08T13:40:17Z,3006,5203006000,71자2826,129.1397248,35.1681696,,2,live,2026-09-08T13:40:16Z,0.8
2026-09-08T13:40:27Z,111-1,5200111100,70자1007,129.0837504,35.2400896,,1,live,2026-09-08T13:40:26Z,1.0
2026-09-08T13:40:41Z,1001,5201001000,71자2617,129.2208384,35.1944096,,2,live,2026-09-08T13:40:41Z,0.0
2026-09-08T13:40:42Z,1001,5201001000,71자2617,129.2208384,35.1944096,,2,live,2026-09-08T13:40:41Z,1.0
2026-09-08T13:41:01Z,3006,5203006000,71자2826,129.1425280,35.1644928,,2,live,2026-09-08T13:41:01Z,0.4
2026-09-08T13:41:17Z,3006,5203006000,71자2826,129.1439616,35.1634624,,2,live,2026-09-08T13:41:16Z,0.6
2026-09-08T13:41:27Z,1001,5201001000,71자2617,129.2229888,35.1976512,,2,live,2026-09-08T13:41:26Z,0.6
2026-09-08T13:42:07Z,3006,5203006000,71자2826,129.1469312,35.1619232,,2,live,2026-09-08T13:42:06Z,0.3
2026-09-08T13:42:12Z,3006,5203006000,71자2826,129.1476480,35.1615520,,2,live,2026-09-08T13:42:11Z,0.3
2026-09-08T13:42:17Z,1001,5201001000,71자2617,129.2236160,35.1986720,,2,live,2026-09-08T13:42:17Z,0.1
2026-09-08T13:43:12Z,3006,5203006000,71자2826,129.1488896,35.1609024,,2,live,2026-09-08T13:43:12Z,0.4
2026-09-08T13:43:27Z,3006,5203006000,71자2826,129.1506688,35.1601344,,2,live,2026-09-08T13:43:27Z,0.6
2026-09-08T13:43:48Z,3006,5203006000,71자2826,129.1536512,35.1608416,,2,live,2026-09-08T13:43:47Z,0.6
2026-09-08T13:44:03Z,3006,5203006000,71자2826,129.1557120,35.1618752,,2,live,2026-09-08T13:44:02Z,0.8
2026-09-08T13:44:22Z,3006,5203006000,71자2826,129.1579264,35.1631360,,2,live,2026-09-08T13:44:22Z,0.5
2026-09-08T13:44:33Z,1001,5201001000,71자2617,129.2245504,35.2042624,,2,live,2026-09-08T13:44:32Z,0.5
2026-09-08T13:45:17Z,3006,5203006000,71자2826,129.1585280,35.1634048,,2,live,2026-09-08T13:45:17Z,0.2
2026-09-08T13:45:48Z,3006,5203006000,71자2826,129.1597312,35.1640640,,2,live,2026-09-08T13:45:48Z,0.4
2026-09-08T13:46:03Z,3006,5203006000,71자2826,129.1609984,35.1645600,,2,live,2026-09-08T13:46:02Z,1.0
2026-09-08T13:46:13Z,3006,5203006000,71자2826,129.1617792,35.1649792,,2,live,2026-09-08T13:46:13Z,0.0
2026-09-08T13:46:23Z,1001,5201001000,71자2617,129.2223488,35.2108992,,4,live,2026-09-08T13:46:23Z,0.0
2026-09-08T13:46:28Z,111-1,5200111100,70자1007,129.0239232,35.2403168,,1,live,2026-09-08T13:46:28Z,0.2
2026-09-08T13:46:33Z,3006,5203006000,71자2826,129.1623040,35.1653696,,2,live,2026-09-08T13:46:33Z,0.3
2026-09-08T13:46:43Z,3006,5203006000,71자2826,129.1628160,35.1656928,,2,live,2026-09-08T13:46:43Z,0.4
2026-09-08T13:47:04Z,3006,5203006000,71자2826,129.1655552,35.1663424,,2,live,2026-09-08T13:47:03Z,0.7
2026-09-08T13:47:19Z,3006,5203006000,71자2826,129.1674752,35.1667072,,2,live,2026-09-08T13:47:18Z,1.0
2026-09-08T13:47:48Z,111-1,5200111100,70자1007,129.0200064,35.2352928,,1,live,2026-09-08T13:47:48Z,0.4
2026-09-08T13:48:24Z,111-1,5200111100,70자1007,129.0183424,35.2346752,,1,live,2026-09-08T13:48:23Z,0.9
2026-09-08T13:48:44Z,3006,5203006000,71자2826,129.1691904,35.1667296,,2,live,2026-09-08T13:48:43Z,0.2
2026-09-08T13:48:49Z,111-1,5200111100,70자1007,129.0161920,35.2345728,,1,live,2026-09-08T13:48:49Z,0.2
2026-09-08T13:48:59Z,3006,5203006000,71자2826,129.1707648,35.1667296,,2,live,2026-09-08T13:48:59Z,0.4
2026-09-08T13:49:25Z,3006,5203006000,71자2826,129.1718272,35.1666912,,2,live,2026-09-08T13:49:24Z,0.8
2026-09-08T13:49:39Z,3006,5203006000,71자2826,129.1734016,35.1674432,,2,live,2026-09-08T13:49:39Z,0.0
2026-09-08T13:49:49Z,3006,5203006000,71자2826,129.1742720,35.1681152,,2,live,2026-09-08T13:49:49Z,0.1
2026-09-08T13:49:59Z,3006,5203006000,71자2826,129.1756160,35.1691296,,2,live,2026-09-08T13:49:59Z,0.4
2026-09-08T13:50:09Z,3006,5203006000,71자2826,129.1764480,35.1695968,,2,live,2026-09-08T13:50:09Z,0.5
2026-09-08T13:50:44Z,3006,5203006000,71자2826,129.1772672,35.1701216,,2,live,2026-09-08T13:50:44Z,0.0
2026-09-08T13:50:45Z,111-1,5200111100,70자1007,129.0142976,35.2347648,,1,live,2026-09-08T13:50:44Z,1.0
2026-09-08T13:50:54Z,111-1,5200111100,70자1007,129.0139648,35.2349632,,1,live,2026-09-08T13:50:54Z,0.0
2026-09-08T13:51:15Z,111-1,5200111100,70자1007,129.0140800,35.2370048,,1,live,2026-09-08T13:51:14Z,0.6
2026-09-08T13:51:44Z,111-1,5200111100,70자1007,129.0141696,35.2383040,,1,live,2026-09-08T13:51:44Z,0.0
2026-09-08T13:52:00Z,111-1,5200111100,70자1007,129.0141696,35.2387264,,1,live,2026-09-08T13:51:59Z,0.2
2026-09-08T13:52:05Z,111-1,5200111100,70자1007,129.0141952,35.2391584,,1,live,2026-09-08T13:52:05Z,0.2
2026-09-08T13:52:10Z,3006,5203006000,71자2826,129.1777280,35.1705088,,2,live,2026-09-08T13:52:10Z,0.3
2026-09-08T13:52:41Z,111-1,5200111100,70자1007,129.0140672,35.2411680,,1,live,2026-09-08T13:52:40Z,0.5
2026-09-08T13:53:20Z,3006,5203006000,71자2826,129.1812224,35.1732192,,2,live,2026-09-08T13:53:20Z,0.4
2026-09-08T13:53:36Z,3006,5203006000,71자2826,129.1804288,35.1744160,,2,live,2026-09-08T13:53:35Z,0.7
2026-09-08T13:54:11Z,3006,5203006000,71자2826,129.1826048,35.1758528,,2,live,2026-09-08T13:54:10Z,0.2
2026-09-08T13:54:11Z,111-1,5200111100,70자1007,129.0133248,35.2440096,,1,live,2026-09-08T13:54:10Z,0.3
2026-09-08T13:54:36Z,111-1,5200111100,70자1007,129.0131584,35.2446656,,1,live,2026-09-08T13:54:36Z,0.7
2026-09-08T13:55:11Z,111-1,5200111100,70자1007,129.0130944,35.2465024,,1,live,2026-09-08T13:55:11Z,0.1
2026-09-08T13:55:16Z,111-1,5200111100,70자1007,129.0131072,35.2469760,,1,live,2026-09-08T13:55:16Z,0.2
2026-09-08T13:56:01Z,111-1,5200111100,70자1007,129.0128896,35.2497024,,1,live,2026-09-08T13:56:01Z,0.0
2026-09-08T13:56:07Z,3006,5203006000,71자2826,129.1842304,35.1763104,,2,live,2026-09-08T13:56:06Z,1.0
2026-09-08T13:56:21Z,3006,5203006000,71자2826,129.1863680,35.1768224,,2,live,2026-09-08T13:56:21Z,0.2
2026-09-08T13:56:32Z,3006,5203006000,71자2826,129.1879936,35.1772064,,2,live,2026-09-08T13:56:31Z,0.4
2026-09-08T13:56:52Z,3006,5203006000,71자2826,129.1928064,35.1785120,,2,live,2026-09-08T13:56:51Z,0.8
2026-09-08T13:57:06Z,111-1,5200111100,70자1007,129.0131840,35.2511776,,1,live,2026-09-08T13:57:06Z,0.0
2026-09-08T13:57:11Z,3006,5203006000,71자2826,129.1952256,35.1789216,,2,live,2026-09-08T13:57:11Z,0.0
2026-09-08T13:57:22Z,3006,5203006000,71자2826,129.1962112,35.1795008,,2,live,2026-09-08T13:57:21Z,0.1
2026-09-08T13:57:27Z,3006,5203006000,71자2826,129.1970560,35.1800416,,2,live,2026-09-08T13:57:27Z,0.0
2026-09-08T13:57:47Z,3006,5203006000,71자2826,129.1988224,35.1807776,,2,live,2026-09-08T13:57:47Z,0.5
2026-09-08T13:58:07Z,111-1,5200111100,70자1007,129.0136320,35.2515136,,1,live,2026-09-08T13:58:07Z,0.8
2026-09-08T13:58:13Z,3006,5203006000,71자2826,129.2001792,35.1823744,,2,live,2026-09-08T13:58:12Z,0.8
2026-09-08T15:00:05Z,111-1,5200111100,70자1007,129.0656128,35.1907616,,2,live,2026-09-08T15:00:04Z,0.9
2026-09-08T15:00:25Z,111-1,5200111100,70자1007,129.0637696,35.1902304,,4,live,2026-09-08T15:00:25Z,0.1
2026-09-08T15:00:35Z,111-1,5200111100,70자1007,129.0626944,35.1896960,,5,live,2026-09-08T15:00:35Z,0.1
2026-09-08T15:00:50Z,111-1,5200111100,70자1007,129.0607616,35.1887296,,6,live,2026-09-08T15:00:50Z,0.6
2026-09-08T15:00:55Z,111-1,5200111100,70자1007,129.0603648,35.1885248,,7,live,2026-09-08T15:00:55Z,0.7
2026-09-08T15:02:40Z,111-1,5200111100,70자1007,129.0593920,35.1882816,,8,live,2026-09-08T15:02:40Z,0.0
2026-09-08T15:02:56Z,111-1,5200111100,70자1007,129.0574080,35.1880288,,9,live,2026-09-08T15:02:56Z,0.1
2026-09-08T15:15:40Z,111-1,5200111100,70자1007,129.0559360,35.1872736,,9,live,2026-09-08T15:15:40Z,0.5
